Data,Temp_Max,Mese,Giorno_Anno
2014-01-01,14.0,1,1
2014-01-02,13.4,1,2
2014-01-03,15.0,1,3
2014-01-04,14.7,1,4
2014-01-05,14.5,1,5
2014-01-06,13.2,1,6
2014-01-07,13.9,1,7
2014-01-08,12.9,1,8
2014-01-09,12.5,1,9
2014-01-10,12.1,1,10
2014-01-11,13.2,1,11
2014-01-12,14.0,1,12
2014-01-13,14.6,1,13
2014-01-14,12.6,1,14
2014-01-15,13.3,1,15
2014-01-16,13.5,1,16
2014-01-17,14.9,1,17
2014-01-18,15.8,1,18
2014-01-19,15.5,1,19
2014-01-20,13.3,1,20
2014-01-21,12.1,1,21
2014-01-22,12.4,1,22
2014-01-23,13.0,1,23
2014-01-24,12.2,1,24
2014-01-25,9.7,1,25
2014-01-26,9.9,1,26
2014-01-27,11.3,1,27
2014-01-28,11.2,1,28
2014-01-29,12.0,1,29
2014-01-30,15.0,1,30
2014-01-31,16.4,1,31
2014-02-01,14.1,2,32
2014-02-02,14.1,2,33
2014-02-03,12.3,2,34
2014-02-04,12.6,2,35
2014-02-05,12.9,2,36
2014-02-06,13.2,2,37
2014-02-07,13.6,2,38
2014-02-08,13.8,2,39
2014-02-09,13.6,2,40
2014-02-10,15.2,2,41
2014-02-11,15.9,2,42
2014-02-12,13.5,2,43
2014-02-13,13.2,2,44
2014-02-14,15.0,2,45
2014-02-15,15.8,2,46
2014-02-16,17.9,2,47
2014-02-17,18.1,2,48
2014-02-18,20.1,2,49
2014-02-19,16.7,2,50
2014-02-20,15.5,2,51
2014-02-21,14.5,2,52
2014-02-22,14.0,2,53
2014-02-23,13.4,2,54
2014-02-24,13.3,2,55
2014-02-25,14.0,2,56
2014-02-26,13.9,2,57
2014-02-27,12.3,2,58
2014-02-28,12.6,2,59
2014-03-01,10.4,3,60
2014-03-02,11.1,3,61
2014-03-03,12.7,3,62
2014-03-04,11.3,3,63
2014-03-05,14.8,3,64
2014-03-06,13.9,3,65
2014-03-07,15.1,3,66
2014-03-08,15.1,3,67
2014-03-09,15.1,3,68
2014-03-10,12.4,3,69
2014-03-11,12.2,3,70
2014-03-12,15.9,3,71
2014-03-13,17.7,3,72
2014-03-14,17.7,3,73
2014-03-15,16.4,3,74
2014-03-16,16.1,3,75
2014-03-17,17.0,3,76
2014-03-18,16.2,3,77
2014-03-19,16.1,3,78
2014-03-20,20.6,3,79
2014-03-21,18.2,3,80
2014-03-22,16.9,3,81
2014-03-23,15.7,3,82
2014-03-24,10.6,3,83
2014-03-25,12.3,3,84
2014-03-26,14.0,3,85
2014-03-27,11.9,3,86
2014-03-28,15.7,3,87
2014-03-29,18.6,3,88
2014-03-30,19.0,3,89
2014-03-31,17.8,3,90
2014-04-01,16.9,4,91
2014-04-02,16.2,4,92
2014-04-03,18.4,4,93
2014-04-04,16.0,4,94
2014-04-05,17.6,4,95
2014-04-06,19.5,4,96
2014-04-07,20.5,4,97
2014-04-08,18.8,4,98
2014-04-09,17.1,4,99
2014-04-10,18.3,4,100
2014-04-11,17.3,4,101
2014-04-12,17.2,4,102
2014-04-13,17.7,4,103
2014-04-14,18.9,4,104
2014-04-15,16.2,4,105
2014-04-16,14.0,4,106
2014-04-17,14.9,4,107
2014-04-18,15.3,4,108
2014-04-19,15.7,4,109
2014-04-20,18.0,4,110
2014-04-21,21.5,4,111
2014-04-22,22.6,4,112
2014-04-23,17.8,4,113
2014-04-24,19.4,4,114
2014-04-25,19.3,4,115
2014-04-26,17.9,4,116
2014-04-27,17.4,4,117
2014-04-28,16.2,4,118
2014-04-29,16.5,4,119
2014-04-30,17.0,4,120
2014-05-01,18.0,5,121
2014-05-02,17.0,5,122
2014-05-03,16.0,5,123
2014-05-04,17.7,5,124
2014-05-05,19.1,5,125
2014-05-06,19.7,5,126
2014-05-07,18.3,5,127
2014-05-08,19.5,5,128
2014-05-09,21.0,5,129
2014-05-10,20.5,5,130
2014-05-11,19.5,5,131
2014-05-12,20.4,5,132
2014-05-13,20.6,5,133
2014-05-14,18.9,5,134
2014-05-15,19.9,5,135
2014-05-16,17.2,5,136
2014-05-17,17.8,5,137
2014-05-18,20.3,5,138
2014-05-19,19.8,5,139
2014-05-20,22.0,5,140
2014-05-21,23.7,5,141
2014-05-22,24.7,5,142
2014-05-23,22.5,5,143
2014-05-24,23.3,5,144
2014-05-25,26.5,5,145
2014-05-26,23.2,5,146
2014-05-27,20.3,5,147
2014-05-28,20.1,5,148
2014-05-29,20.1,5,149
2014-05-30,21.0,5,150
2014-05-31,20.4,5,151
2014-06-01,21.2,6,152
2014-06-02,23.6,6,153
2014-06-03,24.2,6,154
2014-06-04,23.8,6,155
2014-06-05,22.7,6,156
2014-06-06,24.4,6,157
2014-06-07,27.4,6,158
2014-06-08,29.6,6,159
2014-06-09,30.7,6,160
2014-06-10,29.9,6,161
2014-06-11,29.4,6,162
2014-06-12,29.8,6,163
2014-06-13,28.4,6,164
2014-06-14,26.1,6,165
2014-06-15,26.2,6,166
2014-06-16,23.4,6,167
2014-06-17,23.8,6,168
2014-06-18,21.4,6,169
2014-06-19,21.6,6,170
2014-06-20,24.1,6,171
2014-06-21,24.6,6,172
2014-06-22,25.5,6,173
2014-06-23,26.3,6,174
2014-06-24,28.8,6,175
2014-06-25,26.2,6,176
2014-06-26,25.7,6,177
2014-06-27,25.2,6,178
2014-06-28,25.9,6,179
2014-06-29,27.0,6,180
2014-06-30,24.3,6,181
2014-07-01,25.1,7,182
2014-07-02,25.7,7,183
2014-07-03,29.0,7,184
2014-07-04,31.1,7,185
2014-07-05,27.0,7,186
2014-07-06,27.4,7,187
2014-07-07,28.7,7,188
2014-07-08,26.5,7,189
2014-07-09,24.5,7,190
2014-07-10,22.9,7,191
2014-07-11,24.2,7,192
2014-07-12,23.8,7,193
2014-07-13,23.9,7,194
2014-07-14,23.0,7,195
2014-07-15,25.9,7,196
2014-07-16,28.6,7,197
2014-07-17,29.4,7,198
2014-07-18,29.6,7,199
2014-07-19,30.4,7,200
2014-07-20,30.0,7,201
2014-07-21,28.3,7,202
2014-07-22,22.2,7,203
2014-07-23,25.7,7,204
2014-07-24,26.3,7,205
2014-07-25,26.9,7,206
2014-07-26,28.2,7,207
2014-07-27,27.0,7,208
2014-07-28,25.8,7,209
2014-07-29,27.3,7,210
2014-07-30,23.9,7,211
2014-07-31,25.2,7,212
2014-08-01,26.7,8,213
2014-08-02,27.0,8,214
2014-08-03,27.8,8,215
2014-08-04,30.3,8,216
2014-08-05,28.1,8,217
2014-08-06,28.4,8,218
2014-08-07,28.3,8,219
2014-08-08,28.4,8,220
2014-08-09,28.6,8,221
2014-08-10,30.0,8,222
2014-08-11,30.8,8,223
2014-08-12,30.2,8,224
2014-08-13,29.6,8,225
2014-08-14,27.9,8,226
2014-08-15,25.9,8,227
2014-08-16,25.8,8,228
2014-08-17,26.9,8,229
2014-08-18,26.9,8,230
2014-08-19,27.6,8,231
2014-08-20,29.0,8,232
2014-08-21,27.5,8,233
2014-08-22,27.7,8,234
2014-08-23,28.3,8,235
2014-08-24,25.7,8,236
2014-08-25,26.5,8,237
2014-08-26,26.2,8,238
2014-08-27,27.3,8,239
2014-08-28,28.8,8,240
2014-08-29,29.9,8,241
2014-08-30,28.8,8,242
2014-08-31,28.1,8,243
2014-09-01,23.8,9,244
2014-09-02,24.0,9,245
2014-09-03,24.9,9,246
2014-09-04,24.8,9,247
2014-09-05,25.5,9,248
2014-09-06,24.8,9,249
2014-09-07,25.1,9,250
2014-09-08,25.6,9,251
2014-09-09,25.6,9,252
2014-09-10,25.4,9,253
2014-09-11,22.1,9,254
2014-09-12,25.0,9,255
2014-09-13,24.9,9,256
2014-09-14,24.8,9,257
2014-09-15,24.6,9,258
2014-09-16,25.9,9,259
2014-09-17,26.0,9,260
2014-09-18,26.1,9,261
2014-09-19,27.4,9,262
2014-09-20,27.8,9,263
2014-09-21,26.3,9,264
2014-09-22,25.6,9,265
2014-09-23,22.9,9,266
2014-09-24,22.3,9,267
2014-09-25,22.2,9,268
2014-09-26,23.5,9,269
2014-09-27,23.6,9,270
2014-09-28,24.3,9,271
2014-09-29,23.8,9,272
2014-09-30,24.1,9,273
2014-10-01,23.5,10,274
2014-10-02,22.8,10,275
2014-10-03,23.8,10,276
2014-10-04,23.5,10,277
2014-10-05,23.2,10,278
2014-10-06,23.5,10,279
2014-10-07,23.1,10,280
2014-10-08,23.8,10,281
2014-10-09,24.6,10,282
2014-10-10,25.3,10,283
2014-10-11,25.6,10,284
2014-10-12,24.7,10,285
2014-10-13,25.0,10,286
2014-10-14,27.6,10,287
2014-10-15,26.7,10,288
2014-10-16,24.2,10,289
2014-10-17,24.0,10,290
2014-10-18,25.1,10,291
2014-10-19,26.1,10,292
2014-10-20,24.7,10,293
2014-10-21,22.7,10,294
2014-10-22,22.8,10,295
2014-10-23,17.3,10,296
2014-10-24,15.9,10,297
2014-10-25,18.9,10,298
2014-10-26,19.4,10,299
2014-10-27,18.7,10,300
2014-10-28,19.2,10,301
2014-10-29,18.7,10,302
2014-10-30,18.8,10,303
2014-10-31,19.1,10,304
2014-11-01,19.7,11,305
2014-11-02,19.4,11,306
2014-11-03,18.2,11,307
2014-11-04,19.1,11,308
2014-11-05,20.8,11,309
2014-11-06,22.8,11,310
2014-11-07,19.3,11,311
2014-11-08,21.1,11,312
2014-11-09,18.6,11,313
2014-11-10,19.6,11,314
2014-11-11,20.6,11,315
2014-11-12,17.3,11,316
2014-11-13,16.6,11,317
2014-11-14,18.7,11,318
2014-11-15,18.0,11,319
2014-11-16,18.3,11,320
2014-11-17,18.2,11,321
2014-11-18,17.5,11,322
2014-11-19,17.1,11,323
2014-11-20,16.9,11,324
2014-11-21,16.9,11,325
2014-11-22,17.3,11,326
2014-11-23,17.9,11,327
2014-11-24,17.9,11,328
2014-11-25,18.0,11,329
2014-11-26,17.2,11,330
2014-11-27,17.9,11,331
2014-11-28,20.5,11,332
2014-11-29,20.2,11,333
2014-11-30,22.3,11,334
2014-12-01,18.1,12,335
2014-12-02,15.5,12,336
2014-12-03,17.3,12,337
2014-12-04,16.2,12,338
2014-12-05,14.4,12,339
2014-12-06,14.0,12,340
2014-12-07,13.1,12,341
2014-12-08,14.2,12,342
2014-12-09,13.0,12,343
2014-12-10,12.1,12,344
2014-12-11,12.5,12,345
2014-12-12,13.5,12,346
2014-12-13,14.3,12,347
2014-12-14,14.8,12,348
2014-12-15,15.2,12,349
2014-12-16,13.7,12,350
2014-12-17,13.4,12,351
2014-12-18,15.1,12,352
2014-12-19,14.6,12,353
2014-12-20,15.7,12,354
2014-12-21,15.3,12,355
2014-12-22,13.6,12,356
2014-12-23,14.0,12,357
2014-12-24,13.0,12,358
2014-12-25,13.6,12,359
2014-12-26,12.8,12,360
2014-12-27,11.1,12,361
2014-12-28,11.3,12,362
2014-12-29,6.0,12,363
2014-12-30,3.6,12,364
2014-12-31,3.8,12,365
2015-01-01,7.4,1,1
2015-01-02,10.5,1,2
2015-01-03,12.8,1,3
2015-01-04,14.9,1,4
2015-01-05,9.4,1,5
2015-01-06,11.4,1,6
2015-01-07,12.5,1,7
2015-01-08,13.0,1,8
2015-01-09,13.1,1,9
2015-01-10,14.1,1,10
2015-01-11,14.6,1,11
2015-01-12,12.6,1,12
2015-01-13,12.5,1,13
2015-01-14,12.9,1,14
2015-01-15,13.4,1,15
2015-01-16,13.4,1,16
2015-01-17,15.2,1,17
2015-01-18,13.2,1,18
2015-01-19,13.7,1,19
2015-01-20,12.0,1,20
2015-01-21,13.3,1,21
2015-01-22,11.8,1,22
2015-01-23,10.4,1,23
2015-01-24,12.6,1,24
2015-01-25,10.9,1,25
2015-01-26,9.9,1,26
2015-01-27,10.2,1,27
2015-01-28,9.6,1,28
2015-01-29,10.9,1,29
2015-01-30,12.0,1,30
2015-01-31,10.1,1,31
2015-02-01,10.7,2,32
2015-02-02,9.2,2,33
2015-02-03,10.2,2,34
2015-02-04,13.4,2,35
2015-02-05,13.1,2,36
2015-02-06,11.1,2,37
2015-02-07,10.3,2,38
2015-02-08,10.4,2,39
2015-02-09,5.3,2,40
2015-02-10,12.2,2,41
2015-02-11,13.6,2,42
2015-02-12,13.0,2,43
2015-02-13,12.0,2,44
2015-02-14,12.1,2,45
2015-02-15,11.3,2,46
2015-02-16,14.1,2,47
2015-02-17,15.2,2,48
2015-02-18,12.8,2,49
2015-02-19,12.3,2,50
2015-02-20,12.4,2,51
2015-02-21,11.1,2,52
2015-02-22,12.3,2,53
2015-02-23,14.6,2,54
2015-02-24,13.1,2,55
2015-02-25,10.6,2,56
2015-02-26,14.4,2,57
2015-02-27,12.0,2,58
2015-02-28,13.8,2,59
2015-03-01,13.8,3,60
2015-03-02,13.0,3,61
2015-03-03,15.9,3,62
2015-03-04,14.8,3,63
2015-03-05,12.5,3,64
2015-03-06,10.4,3,65
2015-03-07,11.0,3,66
2015-03-08,12.9,3,67
2015-03-09,14.4,3,68
2015-03-10,13.5,3,69
2015-03-11,13.9,3,70
2015-03-12,11.2,3,71
2015-03-13,13.3,3,72
2015-03-14,13.8,3,73
2015-03-15,13.5,3,74
2015-03-16,15.8,3,75
2015-03-17,14.1,3,76
2015-03-18,17.0,3,77
2015-03-19,15.8,3,78
2015-03-20,16.0,3,79
2015-03-21,14.3,3,80
2015-03-22,12.6,3,81
2015-03-23,16.2,3,82
2015-03-24,18.2,3,83
2015-03-25,15.2,3,84
2015-03-26,19.8,3,85
2015-03-27,18.3,3,86
2015-03-28,16.5,3,87
2015-03-29,15.9,3,88
2015-03-30,15.5,3,89
2015-03-31,16.7,3,90
2015-04-01,16.8,4,91
2015-04-02,16.9,4,92
2015-04-03,15.5,4,93
2015-04-04,14.3,4,94
2015-04-05,13.1,4,95
2015-04-06,13.0,4,96
2015-04-07,11.5,4,97
2015-04-08,13.8,4,98
2015-04-09,16.4,4,99
2015-04-10,16.4,4,100
2015-04-11,15.3,4,101
2015-04-12,19.0,4,102
2015-04-13,19.7,4,103
2015-04-14,18.2,4,104
2015-04-15,19.1,4,105
2015-04-16,18.6,4,106
2015-04-17,19.6,4,107
2015-04-18,17.6,4,108
2015-04-19,17.5,4,109
2015-04-20,19.2,4,110
2015-04-21,20.0,4,111
2015-04-22,21.3,4,112
2015-04-23,19.5,4,113
2015-04-24,18.5,4,114
2015-04-25,20.5,4,115
2015-04-26,19.8,4,116
2015-04-27,19.3,4,117
2015-04-28,15.7,4,118
2015-04-29,19.3,4,119
2015-04-30,17.1,4,120
2015-05-01,17.6,5,121
2015-05-02,19.4,5,122
2015-05-03,20.9,5,123
2015-05-04,23.7,5,124
2015-05-05,26.8,5,125
2015-05-06,25.0,5,126
2015-05-07,24.2,5,127
2015-05-08,23.2,5,128
2015-05-09,22.4,5,129
2015-05-10,25.0,5,130
2015-05-11,24.6,5,131
2015-05-12,24.8,5,132
2015-05-13,22.4,5,133
2015-05-14,21.5,5,134
2015-05-15,26.0,5,135
2015-05-16,20.0,5,136
2015-05-17,25.3,5,137
2015-05-18,27.9,5,138
2015-05-19,24.4,5,139
2015-05-20,23.6,5,140
2015-05-21,19.6,5,141
2015-05-22,18.3,5,142
2015-05-23,18.1,5,143
2015-05-24,19.9,5,144
2015-05-25,19.7,5,145
2015-05-26,20.4,5,146
2015-05-27,22.5,5,147
2015-05-28,21.0,5,148
2015-05-29,22.4,5,149
2015-05-30,22.2,5,150
2015-05-31,22.8,5,151
2015-06-01,24.8,6,152
2015-06-02,25.6,6,153
2015-06-03,26.7,6,154
2015-06-04,26.6,6,155
2015-06-05,30.2,6,156
2015-06-06,29.2,6,157
2015-06-07,27.9,6,158
2015-06-08,26.4,6,159
2015-06-09,25.2,6,160
2015-06-10,27.5,6,161
2015-06-11,28.6,6,162
2015-06-12,27.9,6,163
2015-06-13,30.0,6,164
2015-06-14,26.7,6,165
2015-06-15,25.3,6,166
2015-06-16,26.7,6,167
2015-06-17,22.5,6,168
2015-06-18,25.2,6,169
2015-06-19,25.1,6,170
2015-06-20,24.6,6,171
2015-06-21,26.1,6,172
2015-06-22,25.5,6,173
2015-06-23,25.5,6,174
2015-06-24,27.1,6,175
2015-06-25,28.2,6,176
2015-06-26,27.7,6,177
2015-06-27,28.0,6,178
2015-06-28,28.9,6,179
2015-06-29,29.6,6,180
2015-06-30,30.0,6,181
2015-07-01,30.9,7,182
2015-07-02,30.6,7,183
2015-07-03,32.4,7,184
2015-07-04,33.0,7,185
2015-07-05,31.7,7,186
2015-07-06,30.2,7,187
2015-07-07,30.3,7,188
2015-07-08,28.9,7,189
2015-07-09,30.3,7,190
2015-07-10,33.0,7,191
2015-07-11,32.0,7,192
2015-07-12,30.3,7,193
2015-07-13,29.9,7,194
2015-07-14,32.2,7,195
2015-07-15,34.0,7,196
2015-07-16,33.6,7,197
2015-07-17,34.4,7,198
2015-07-18,34.8,7,199
2015-07-19,33.5,7,200
2015-07-20,32.9,7,201
2015-07-21,33.3,7,202
2015-07-22,33.3,7,203
2015-07-23,32.7,7,204
2015-07-24,31.4,7,205
2015-07-25,30.2,7,206
2015-07-26,30.2,7,207
2015-07-27,28.6,7,208
2015-07-28,28.9,7,209
2015-07-29,29.1,7,210
2015-07-30,30.6,7,211
2015-07-31,32.2,7,212
2015-08-01,33.7,8,213
2015-08-02,33.0,8,214
2015-08-03,32.6,8,215
2015-08-04,33.2,8,216
2015-08-05,33.5,8,217
2015-08-06,34.7,8,218
2015-08-07,35.4,8,219
2015-08-08,34.9,8,220
2015-08-09,32.4,8,221
2015-08-10,31.2,8,222
2015-08-11,26.6,8,223
2015-08-12,30.8,8,224
2015-08-13,33.7,8,225
2015-08-14,31.7,8,226
2015-08-15,28.9,8,227
2015-08-16,24.2,8,228
2015-08-17,26.1,8,229
2015-08-18,26.8,8,230
2015-08-19,26.0,8,231
2015-08-20,26.9,8,232
2015-08-21,26.8,8,233
2015-08-22,27.6,8,234
2015-08-23,26.7,8,235
2015-08-24,28.6,8,236
2015-08-25,28.7,8,237
2015-08-26,28.4,8,238
2015-08-27,29.6,8,239
2015-08-28,30.4,8,240
2015-08-29,32.2,8,241
2015-08-30,33.0,8,242
2015-08-31,31.3,8,243
2015-09-01,30.6,9,244
2015-09-02,29.5,9,245
2015-09-03,28.7,9,246
2015-09-04,28.8,9,247
2015-09-05,28.8,9,248
2015-09-06,25.6,9,249
2015-09-07,26.6,9,250
2015-09-08,27.2,9,251
2015-09-09,25.1,9,252
2015-09-10,26.4,9,253
2015-09-11,25.4,9,254
2015-09-12,26.9,9,255
2015-09-13,27.4,9,256
2015-09-14,28.6,9,257
2015-09-15,27.6,9,258
2015-09-16,30.7,9,259
2015-09-17,32.5,9,260
2015-09-18,32.5,9,261
2015-09-19,29.4,9,262
2015-09-20,24.6,9,263
2015-09-21,27.2,9,264
2015-09-22,25.4,9,265
2015-09-23,24.2,9,266
2015-09-24,22.0,9,267
2015-09-25,22.2,9,268
2015-09-26,24.0,9,269
2015-09-27,24.1,9,270
2015-09-28,23.4,9,271
2015-09-29,23.0,9,272
2015-09-30,23.1,9,273
2015-10-01,19.5,10,274
2015-10-02,22.1,10,275
2015-10-03,23.0,10,276
2015-10-04,22.9,10,277
2015-10-05,22.7,10,278
2015-10-06,23.9,10,279
2015-10-07,21.6,10,280
2015-10-08,22.5,10,281
2015-10-09,21.3,10,282
2015-10-10,19.3,10,283
2015-10-11,20.3,10,284
2015-10-12,21.2,10,285
2015-10-13,21.2,10,286
2015-10-14,23.6,10,287
2015-10-15,19.6,10,288
2015-10-16,19.2,10,289
2015-10-17,18.7,10,290
2015-10-18,20.7,10,291
2015-10-19,20.6,10,292
2015-10-20,18.6,10,293
2015-10-21,15.1,10,294
2015-10-22,13.4,10,295
2015-10-23,17.1,10,296
2015-10-24,19.5,10,297
2015-10-25,19.7,10,298
2015-10-26,18.9,10,299
2015-10-27,20.8,10,300
2015-10-28,19.5,10,301
2015-10-29,17.5,10,302
2015-10-30,16.6,10,303
2015-10-31,19.3,10,304
2015-11-01,18.3,11,305
2015-11-02,19.6,11,306
2015-11-03,19.9,11,307
2015-11-04,19.9,11,308
2015-11-05,19.6,11,309
2015-11-06,20.5,11,310
2015-11-07,20.8,11,311
2015-11-08,21.6,11,312
2015-11-09,20.1,11,313
2015-11-10,18.5,11,314
2015-11-11,18.8,11,315
2015-11-12,18.9,11,316
2015-11-13,17.4,11,317
2015-11-14,17.1,11,318
2015-11-15,17.6,11,319
2015-11-16,17.5,11,320
2015-11-17,16.9,11,321
2015-11-18,16.8,11,322
2015-11-19,17.8,11,323
2015-11-20,17.8,11,324
2015-11-21,18.3,11,325
2015-11-22,14.7,11,326
2015-11-23,12.9,11,327
2015-11-24,13.4,11,328
2015-11-25,13.6,11,329
2015-11-26,10.4,11,330
2015-11-27,12.2,11,331
2015-11-28,12.9,11,332
2015-11-29,13.7,11,333
2015-11-30,14.2,11,334
2015-12-01,15.1,12,335
2015-12-02,15.5,12,336
2015-12-03,15.8,12,337
2015-12-04,15.4,12,338
2015-12-05,15.6,12,339
2015-12-06,16.2,12,340
2015-12-07,15.9,12,341
2015-12-08,15.5,12,342
2015-12-09,15.2,12,343
2015-12-10,14.2,12,344
2015-12-11,13.3,12,345
2015-12-12,13.1,12,346
2015-12-13,12.6,12,347
2015-12-14,13.1,12,348
2015-12-15,13.4,12,349
2015-12-16,14.3,12,350
2015-12-17,14.0,12,351
2015-12-18,13.4,12,352
2015-12-19,13.6,12,353
2015-12-20,15.3,12,354
2015-12-21,14.9,12,355
2015-12-22,14.5,12,356
2015-12-23,14.3,12,357
2015-12-24,13.4,12,358
2015-12-25,14.1,12,359
2015-12-26,14.6,12,360
2015-12-27,14.8,12,361
2015-12-28,14.7,12,362
2015-12-29,12.7,12,363
2015-12-30,13.0,12,364
2015-12-31,10.9,12,365
2016-01-01,10.1,1,1
2016-01-02,13.5,1,2
2016-01-03,13.7,1,3
2016-01-04,13.8,1,4
2016-01-05,14.5,1,5
2016-01-06,13.4,1,6
2016-01-07,11.6,1,7
2016-01-08,15.7,1,8
2016-01-09,16.2,1,9
2016-01-10,16.3,1,10
2016-01-11,16.2,1,11
2016-01-12,14.6,1,12
2016-01-13,12.9,1,13
2016-01-14,13.5,1,14
2016-01-15,13.8,1,15
2016-01-16,10.7,1,16
2016-01-17,7.3,1,17
2016-01-18,6.3,1,18
2016-01-19,5.4,1,19
2016-01-20,8.9,1,20
2016-01-21,12.0,1,21
2016-01-22,11.7,1,22
2016-01-23,10.4,1,23
2016-01-24,12.3,1,24
2016-01-25,12.8,1,25
2016-01-26,12.8,1,26
2016-01-27,13.1,1,27
2016-01-28,13.6,1,28
2016-01-29,13.2,1,29
2016-01-30,13.0,1,30
2016-01-31,13.9,1,31
2016-02-01,15.8,2,32
2016-02-02,14.6,2,33
2016-02-03,14.5,2,34
2016-02-04,12.5,2,35
2016-02-05,13.2,2,36
2016-02-06,12.9,2,37
2016-02-07,12.9,2,38
2016-02-08,14.4,2,39
2016-02-09,14.1,2,40
2016-02-10,13.9,2,41
2016-02-11,12.9,2,42
2016-02-12,13.0,2,43
2016-02-13,14.7,2,44
2016-02-14,14.9,2,45
2016-02-15,14.3,2,46
2016-02-16,19.6,2,47
2016-02-17,16.5,2,48
2016-02-18,13.8,2,49
2016-02-19,13.4,2,50
2016-02-20,13.2,2,51
2016-02-21,13.6,2,52
2016-02-22,14.2,2,53
2016-02-23,16.2,2,54
2016-02-24,15.3,2,55
2016-02-25,14.7,2,56
2016-02-26,14.3,2,57
2016-02-27,15.3,2,58
2016-02-28,18.9,2,59
2016-02-29,13.9,2,60
2016-03-01,12.8,3,61
2016-03-02,14.7,3,62
2016-03-03,12.1,3,63
2016-03-04,13.0,3,64
2016-03-05,14.2,3,65
2016-03-06,13.1,3,66
2016-03-07,11.8,3,67
2016-03-08,12.5,3,68
2016-03-09,10.5,3,69
2016-03-10,12.3,3,70
2016-03-11,15.1,3,71
2016-03-12,12.4,3,72
2016-03-13,13.0,3,73
2016-03-14,14.8,3,74
2016-03-15,14.0,3,75
2016-03-16,13.9,3,76
2016-03-17,14.6,3,77
2016-03-18,13.5,3,78
2016-03-19,15.5,3,79
2016-03-20,15.3,3,80
2016-03-21,19.9,3,81
2016-03-22,20.6,3,82
2016-03-23,15.2,3,83
2016-03-24,13.3,3,84
2016-03-25,15.0,3,85
2016-03-26,14.3,3,86
2016-03-27,15.1,3,87
2016-03-28,15.0,3,88
2016-03-29,16.4,3,89
2016-03-30,16.8,3,90
2016-03-31,21.9,3,91
2016-04-01,21.6,4,92
2016-04-02,22.5,4,93
2016-04-03,22.4,4,94
2016-04-04,20.5,4,95
2016-04-05,22.4,4,96
2016-04-06,23.0,4,97
2016-04-07,25.4,4,98
2016-04-08,20.2,4,99
2016-04-09,16.0,4,100
2016-04-10,16.1,4,101
2016-04-11,16.8,4,102
2016-04-12,20.0,4,103
2016-04-13,23.0,4,104
2016-04-14,18.2,4,105
2016-04-15,18.5,4,106
2016-04-16,20.8,4,107
2016-04-17,24.0,4,108
2016-04-18,24.0,4,109
2016-04-19,18.5,4,110
2016-04-20,21.7,4,111
2016-04-21,21.4,4,112
2016-04-22,18.1,4,113
2016-04-23,16.9,4,114
2016-04-24,16.1,4,115
2016-04-25,13.7,4,116
2016-04-26,15.3,4,117
2016-04-27,16.1,4,118
2016-04-28,19.5,4,119
2016-04-29,21.5,4,120
2016-04-30,20.0,4,121
2016-05-01,17.0,5,122
2016-05-02,15.6,5,123
2016-05-03,19.5,5,124
2016-05-04,20.2,5,125
2016-05-05,20.0,5,126
2016-05-06,20.6,5,127
2016-05-07,20.7,5,128
2016-05-08,20.7,5,129
2016-05-09,21.6,5,130
2016-05-10,23.0,5,131
2016-05-11,23.2,5,132
2016-05-12,19.6,5,133
2016-05-13,18.9,5,134
2016-05-14,17.5,5,135
2016-05-15,18.4,5,136
2016-05-16,18.9,5,137
2016-05-17,18.1,5,138
2016-05-18,19.5,5,139
2016-05-19,19.3,5,140
2016-05-20,19.0,5,141
2016-05-21,23.3,5,142
2016-05-22,23.9,5,143
2016-05-23,21.4,5,144
2016-05-24,18.6,5,145
2016-05-25,20.2,5,146
2016-05-26,22.6,5,147
2016-05-27,26.4,5,148
2016-05-28,26.0,5,149
2016-05-29,24.6,5,150
2016-05-30,21.7,5,151
2016-05-31,22.3,5,152
2016-06-01,20.4,6,153
2016-06-02,20.5,6,154
2016-06-03,21.4,6,155
2016-06-04,22.3,6,156
2016-06-05,23.4,6,157
2016-06-06,23.8,6,158
2016-06-07,24.5,6,159
2016-06-08,25.1,6,160
2016-06-09,21.7,6,161
2016-06-10,24.3,6,162
2016-06-11,24.1,6,163
2016-06-12,24.0,6,164
2016-06-13,23.0,6,165
2016-06-14,23.4,6,166
2016-06-15,24.1,6,167
2016-06-16,29.4,6,168
2016-06-17,25.6,6,169
2016-06-18,26.3,6,170
2016-06-19,23.5,6,171
2016-06-20,22.3,6,172
2016-06-21,26.6,6,173
2016-06-22,27.9,6,174
2016-06-23,30.7,6,175
2016-06-24,31.8,6,176
2016-06-25,31.0,6,177
2016-06-26,27.5,6,178
2016-06-27,27.1,6,179
2016-06-28,27.7,6,180
2016-06-29,27.9,6,181
2016-06-30,27.3,6,182
2016-07-01,29.4,7,183
2016-07-02,29.5,7,184
2016-07-03,27.7,7,185
2016-07-04,30.1,7,186
2016-07-05,29.9,7,187
2016-07-06,27.9,7,188
2016-07-07,31.8,7,189
2016-07-08,30.5,7,190
2016-07-09,29.4,7,191
2016-07-10,30.4,7,192
2016-07-11,31.9,7,193
2016-07-12,31.7,7,194
2016-07-13,30.8,7,195
2016-07-14,26.8,7,196
2016-07-15,22.9,7,197
2016-07-16,24.7,7,198
2016-07-17,25.8,7,199
2016-07-18,29.9,7,200
2016-07-19,31.7,7,201
2016-07-20,32.2,7,202
2016-07-21,30.7,7,203
2016-07-22,29.9,7,204
2016-07-23,31.2,7,205
2016-07-24,30.5,7,206
2016-07-25,28.2,7,207
2016-07-26,30.4,7,208
2016-07-27,29.6,7,209
2016-07-28,29.2,7,210
2016-07-29,29.9,7,211
2016-07-30,30.7,7,212
2016-07-31,30.0,7,213
2016-08-01,28.8,8,214
2016-08-02,30.3,8,215
2016-08-03,31.3,8,216
2016-08-04,31.6,8,217
2016-08-05,29.5,8,218
2016-08-06,28.0,8,219
2016-08-07,29.7,8,220
2016-08-08,29.8,8,221
2016-08-09,29.2,8,222
2016-08-10,27.9,8,223
2016-08-11,27.0,8,224
2016-08-12,27.5,8,225
2016-08-13,28.7,8,226
2016-08-14,29.2,8,227
2016-08-15,29.1,8,228
2016-08-16,28.2,8,229
2016-08-17,27.7,8,230
2016-08-18,27.7,8,231
2016-08-19,28.4,8,232
2016-08-20,29.3,8,233
2016-08-21,29.7,8,234
2016-08-22,29.9,8,235
2016-08-23,28.7,8,236
2016-08-24,30.5,8,237
2016-08-25,31.5,8,238
2016-08-26,32.3,8,239
2016-08-27,31.6,8,240
2016-08-28,30.4,8,241
2016-08-29,28.6,8,242
2016-08-30,29.1,8,243
2016-08-31,29.1,8,244
2016-09-01,28.9,9,245
2016-09-02,30.1,9,246
2016-09-03,31.1,9,247
2016-09-04,29.0,9,248
2016-09-05,26.2,9,249
2016-09-06,25.9,9,250
2016-09-07,21.3,9,251
2016-09-08,25.3,9,252
2016-09-09,26.9,9,253
2016-09-10,26.1,9,254
2016-09-11,24.4,9,255
2016-09-12,27.4,9,256
2016-09-13,26.8,9,257
2016-09-14,26.7,9,258
2016-09-15,25.7,9,259
2016-09-16,27.0,9,260
2016-09-17,24.7,9,261
2016-09-18,20.8,9,262
2016-09-19,20.8,9,263
2016-09-20,24.3,9,264
2016-09-21,21.5,9,265
2016-09-22,23.4,9,266
2016-09-23,24.0,9,267
2016-09-24,24.1,9,268
2016-09-25,24.3,9,269
2016-09-26,24.5,9,270
2016-09-27,24.6,9,271
2016-09-28,24.6,9,272
2016-09-29,24.0,9,273
2016-09-30,23.1,9,274
2016-10-01,23.5,10,275
2016-10-02,21.4,10,276
2016-10-03,23.1,10,277
2016-10-04,22.6,10,278
2016-10-05,21.6,10,279
2016-10-06,21.3,10,280
2016-10-07,19.3,10,281
2016-10-08,20.6,10,282
2016-10-09,21.4,10,283
2016-10-10,19.9,10,284
2016-10-11,18.9,10,285
2016-10-12,18.2,10,286
2016-10-13,20.6,10,287
2016-10-14,24.7,10,288
2016-10-15,22.3,10,289
2016-10-16,23.2,10,290
2016-10-17,22.8,10,291
2016-10-18,20.3,10,292
2016-10-19,19.6,10,293
2016-10-20,19.5,10,294
2016-10-21,19.0,10,295
2016-10-22,19.9,10,296
2016-10-23,20.0,10,297
2016-10-24,24.7,10,298
2016-10-25,23.9,10,299
2016-10-26,21.3,10,300
2016-10-27,18.2,10,301
2016-10-28,16.9,10,302
2016-10-29,19.3,10,303
2016-10-30,20.2,10,304
2016-10-31,18.9,10,305
2016-11-01,18.1,11,306
2016-11-02,18.2,11,307
2016-11-03,18.7,11,308
2016-11-04,18.4,11,309
2016-11-05,19.5,11,310
2016-11-06,20.8,11,311
2016-11-07,18.4,11,312
2016-11-08,14.9,11,313
2016-11-09,15.7,11,314
2016-11-10,15.6,11,315
2016-11-11,16.2,11,316
2016-11-12,13.8,11,317
2016-11-13,15.1,11,318
2016-11-14,12.5,11,319
2016-11-15,14.5,11,320
2016-11-16,15.3,11,321
2016-11-17,16.7,11,322
2016-11-18,18.6,11,323
2016-11-19,17.3,11,324
2016-11-20,18.9,11,325
2016-11-21,19.6,11,326
2016-11-22,19.8,11,327
2016-11-23,18.5,11,328
2016-11-24,19.2,11,329
2016-11-25,16.5,11,330
2016-11-26,16.7,11,331
2016-11-27,17.0,11,332
2016-11-28,16.3,11,333
2016-11-29,10.4,11,334
2016-11-30,11.2,11,335
2016-12-01,12.1,12,336
2016-12-02,13.9,12,337
2016-12-03,15.2,12,338
2016-12-04,15.0,12,339
2016-12-05,15.3,12,340
2016-12-06,15.2,12,341
2016-12-07,15.0,12,342
2016-12-08,14.5,12,343
2016-12-09,13.8,12,344
2016-12-10,14.0,12,345
2016-12-11,14.2,12,346
2016-12-12,15.3,12,347
2016-12-13,13.6,12,348
2016-12-14,13.0,12,349
2016-12-15,14.0,12,350
2016-12-16,12.7,12,351
2016-12-17,11.2,12,352
2016-12-18,11.5,12,353
2016-12-19,11.9,12,354
2016-12-20,11.5,12,355
2016-12-21,15.3,12,356
2016-12-22,13.9,12,357
2016-12-23,14.2,12,358
2016-12-24,14.4,12,359
2016-12-25,12.7,12,360
2016-12-26,14.9,12,361
2016-12-27,13.9,12,362
2016-12-28,12.6,12,363
2016-12-29,7.8,12,364
2016-12-30,8.4,12,365
2016-12-31,9.9,12,366
2017-01-01,11.1,1,1
2017-01-02,12.4,1,2
2017-01-03,12.2,1,3
2017-01-04,11.4,1,4
2017-01-05,10.1,1,5
2017-01-06,3.1,1,6
2017-01-07,2.3,1,7
2017-01-08,5.4,1,8
2017-01-09,7.3,1,9
2017-01-10,6.7,1,10
2017-01-11,5.7,1,11
2017-01-12,11.1,1,12
2017-01-13,14.2,1,13
2017-01-14,9.1,1,14
2017-01-15,6.3,1,15
2017-01-16,7.4,1,16
2017-01-17,8.2,1,17
2017-01-18,8.4,1,18
2017-01-19,9.3,1,19
2017-01-20,10.4,1,20
2017-01-21,11.8,1,21
2017-01-22,13.8,1,22
2017-01-23,10.6,1,23
2017-01-24,12.2,1,24
2017-01-25,12.8,1,25
2017-01-26,12.3,1,26
2017-01-27,12.2,1,27
2017-01-28,12.4,1,28
2017-01-29,12.5,1,29
2017-01-30,12.2,1,30
2017-01-31,12.2,1,31
2017-02-01,13.9,2,32
2017-02-02,13.9,2,33
2017-02-03,14.6,2,34
2017-02-04,15.5,2,35
2017-02-05,14.9,2,36
2017-02-06,12.9,2,37
2017-02-07,14.4,2,38
2017-02-08,13.6,2,39
2017-02-09,13.0,2,40
2017-02-10,15.4,2,41
2017-02-11,15.5,2,42
2017-02-12,15.4,2,43
2017-02-13,15.7,2,44
2017-02-14,14.9,2,45
2017-02-15,13.9,2,46
2017-02-16,13.8,2,47
2017-02-17,13.6,2,48
2017-02-18,12.8,2,49
2017-02-19,13.8,2,50
2017-02-20,13.3,2,51
2017-02-21,12.8,2,52
2017-02-22,14.0,2,53
2017-02-23,14.4,2,54
2017-02-24,14.9,2,55
2017-02-25,15.6,2,56
2017-02-26,16.8,2,57
2017-02-27,17.0,2,58
2017-02-28,14.5,2,59
2017-03-01,15.1,3,60
2017-03-02,14.9,3,61
2017-03-03,15.8,3,62
2017-03-04,15.8,3,63
2017-03-05,14.0,3,64
2017-03-06,14.9,3,65
2017-03-07,13.9,3,66
2017-03-08,16.4,3,67
2017-03-09,17.4,3,68
2017-03-10,19.5,3,69
2017-03-11,14.8,3,70
2017-03-12,14.6,3,71
2017-03-13,15.6,3,72
2017-03-14,16.8,3,73
2017-03-15,14.6,3,74
2017-03-16,18.1,3,75
2017-03-17,17.0,3,76
2017-03-18,15.8,3,77
2017-03-19,16.1,3,78
2017-03-20,16.1,3,79
2017-03-21,19.2,3,80
2017-03-22,17.0,3,81
2017-03-23,16.6,3,82
2017-03-24,20.1,3,83
2017-03-25,19.8,3,84
2017-03-26,16.9,3,85
2017-03-27,15.1,3,86
2017-03-28,17.8,3,87
2017-03-29,19.4,3,88
2017-03-30,22.0,3,89
2017-03-31,18.5,3,90
2017-04-01,17.8,4,91
2017-04-02,16.8,4,92
2017-04-03,16.0,4,93
2017-04-04,19.5,4,94
2017-04-05,17.7,4,95
2017-04-06,17.2,4,96
2017-04-07,19.1,4,97
2017-04-08,20.6,4,98
2017-04-09,23.0,4,99
2017-04-10,18.2,4,100
2017-04-11,17.4,4,101
2017-04-12,20.2,4,102
2017-04-13,18.1,4,103
2017-04-14,18.1,4,104
2017-04-15,18.1,4,105
2017-04-16,18.0,4,106
2017-04-17,18.5,4,107
2017-04-18,17.8,4,108
2017-04-19,15.0,4,109
2017-04-20,13.8,4,110
2017-04-21,13.7,4,111
2017-04-22,15.5,4,112
2017-04-23,17.5,4,113
2017-04-24,17.8,4,114
2017-04-25,17.4,4,115
2017-04-26,18.9,4,116
2017-04-27,20.4,4,117
2017-04-28,17.6,4,118
2017-04-29,20.2,4,119
2017-04-30,20.1,4,120
2017-05-01,18.4,5,121
2017-05-02,18.0,5,122
2017-05-03,19.3,5,123
2017-05-04,19.1,5,124
2017-05-05,21.2,5,125
2017-05-06,22.1,5,126
2017-05-07,20.3,5,127
2017-05-08,19.4,5,128
2017-05-09,20.2,5,129
2017-05-10,19.2,5,130
2017-05-11,24.9,5,131
2017-05-12,23.7,5,132
2017-05-13,22.3,5,133
2017-05-14,24.2,5,134
2017-05-15,23.0,5,135
2017-05-16,26.0,5,136
2017-05-17,26.8,5,137
2017-05-18,27.2,5,138
2017-05-19,22.9,5,139
2017-05-20,21.6,5,140
2017-05-21,23.4,5,141
2017-05-22,26.0,5,142
2017-05-23,24.0,5,143
2017-05-24,24.2,5,144
2017-05-25,23.4,5,145
2017-05-26,25.2,5,146
2017-05-27,26.5,5,147
2017-05-28,27.9,5,148
2017-05-29,26.4,5,149
2017-05-30,24.6,5,150
2017-05-31,25.1,5,151
2017-06-01,26.2,6,152
2017-06-02,26.4,6,153
2017-06-03,26.4,6,154
2017-06-04,25.8,6,155
2017-06-05,26.9,6,156
2017-06-06,25.4,6,157
2017-06-07,25.8,6,158
2017-06-08,28.0,6,159
2017-06-09,26.4,6,160
2017-06-10,26.4,6,161
2017-06-11,31.1,6,162
2017-06-12,28.9,6,163
2017-06-13,28.3,6,164
2017-06-14,27.9,6,165
2017-06-15,28.5,6,166
2017-06-16,28.1,6,167
2017-06-17,28.4,6,168
2017-06-18,27.8,6,169
2017-06-19,30.8,6,170
2017-06-20,27.6,6,171
2017-06-21,27.7,6,172
2017-06-22,29.1,6,173
2017-06-23,29.0,6,174
2017-06-24,27.6,6,175
2017-06-25,27.9,6,176
2017-06-26,28.9,6,177
2017-06-27,30.0,6,178
2017-06-28,28.9,6,179
2017-06-29,29.3,6,180
2017-06-30,30.8,6,181
2017-07-01,27.5,7,182
2017-07-02,26.5,7,183
2017-07-03,30.4,7,184
2017-07-04,31.4,7,185
2017-07-05,30.2,7,186
2017-07-06,30.1,7,187
2017-07-07,29.1,7,188
2017-07-08,30.5,7,189
2017-07-09,31.0,7,190
2017-07-10,29.6,7,191
2017-07-11,31.2,7,192
2017-07-12,31.9,7,193
2017-07-13,31.0,7,194
2017-07-14,29.2,7,195
2017-07-15,30.4,7,196
2017-07-16,29.5,7,197
2017-07-17,30.2,7,198
2017-07-18,30.5,7,199
2017-07-19,28.8,7,200
2017-07-20,29.5,7,201
2017-07-21,31.4,7,202
2017-07-22,32.0,7,203
2017-07-23,30.0,7,204
2017-07-24,28.5,7,205
2017-07-25,27.6,7,206
2017-07-26,25.7,7,207
2017-07-27,27.1,7,208
2017-07-28,27.9,7,209
2017-07-29,28.0,7,210
2017-07-30,30.4,7,211
2017-07-31,33.5,7,212
2017-08-01,33.8,8,213
2017-08-02,32.4,8,214
2017-08-03,31.8,8,215
2017-08-04,32.2,8,216
2017-08-05,32.9,8,217
2017-08-06,31.2,8,218
2017-08-07,32.7,8,219
2017-08-08,31.4,8,220
2017-08-09,33.2,8,221
2017-08-10,33.9,8,222
2017-08-11,28.4,8,223
2017-08-12,26.2,8,224
2017-08-13,30.7,8,225
2017-08-14,30.9,8,226
2017-08-15,31.1,8,227
2017-08-16,32.5,8,228
2017-08-17,31.5,8,229
2017-08-18,31.8,8,230
2017-08-19,29.4,8,231
2017-08-20,28.1,8,232
2017-08-21,31.2,8,233
2017-08-22,29.8,8,234
2017-08-23,28.2,8,235
2017-08-24,28.9,8,236
2017-08-25,30.3,8,237
2017-08-26,30.3,8,238
2017-08-27,29.4,8,239
2017-08-28,28.0,8,240
2017-08-29,32.1,8,241
2017-08-30,30.6,8,242
2017-08-31,28.2,8,243
2017-09-01,27.0,9,244
2017-09-02,24.0,9,245
2017-09-03,24.8,9,246
2017-09-04,25.1,9,247
2017-09-05,26.0,9,248
2017-09-06,25.7,9,249
2017-09-07,23.6,9,250
2017-09-08,26.1,9,251
2017-09-09,24.0,9,252
2017-09-10,27.6,9,253
2017-09-11,21.0,9,254
2017-09-12,24.4,9,255
2017-09-13,24.0,9,256
2017-09-14,23.4,9,257
2017-09-15,24.6,9,258
2017-09-16,25.9,9,259
2017-09-17,23.4,9,260
2017-09-18,22.3,9,261
2017-09-19,21.4,9,262
2017-09-20,20.0,9,263
2017-09-21,21.1,9,264
2017-09-22,22.1,9,265
2017-09-23,22.0,9,266
2017-09-24,22.8,9,267
2017-09-25,22.2,9,268
2017-09-26,22.1,9,269
2017-09-27,23.6,9,270
2017-09-28,24.4,9,271
2017-09-29,23.8,9,272
2017-09-30,23.2,9,273
2017-10-01,22.0,10,274
2017-10-02,23.2,10,275
2017-10-03,22.7,10,276
2017-10-04,25.6,10,277
2017-10-05,24.0,10,278
2017-10-06,22.3,10,279
2017-10-07,19.7,10,280
2017-10-08,20.4,10,281
2017-10-09,21.2,10,282
2017-10-10,21.1,10,283
2017-10-11,23.5,10,284
2017-10-12,22.4,10,285
2017-10-13,23.0,10,286
2017-10-14,24.6,10,287
2017-10-15,24.2,10,288
2017-10-16,22.9,10,289
2017-10-17,22.0,10,290
2017-10-18,21.1,10,291
2017-10-19,21.3,10,292
2017-10-20,22.5,10,293
2017-10-21,23.1,10,294
2017-10-22,21.4,10,295
2017-10-23,18.0,10,296
2017-10-24,19.1,10,297
2017-10-25,20.2,10,298
2017-10-26,21.8,10,299
2017-10-27,20.4,10,300
2017-10-28,19.7,10,301
2017-10-29,20.1,10,302
2017-10-30,20.3,10,303
2017-10-31,19.2,10,304
2017-11-01,18.9,11,305
2017-11-02,19.0,11,306
2017-11-03,18.8,11,307
2017-11-04,20.0,11,308
2017-11-05,19.4,11,309
2017-11-06,17.5,11,310
2017-11-07,14.1,11,311
2017-11-08,15.9,11,312
2017-11-09,16.9,11,313
2017-11-10,17.2,11,314
2017-11-11,18.5,11,315
2017-11-12,17.1,11,316
2017-11-13,16.3,11,317
2017-11-14,14.4,11,318
2017-11-15,15.7,11,319
2017-11-16,14.5,11,320
2017-11-17,17.6,11,321
2017-11-18,16.7,11,322
2017-11-19,15.4,11,323
2017-11-20,14.5,11,324
2017-11-21,15.9,11,325
2017-11-22,16.2,11,326
2017-11-23,16.4,11,327
2017-11-24,15.9,11,328
2017-11-25,16.7,11,329
2017-11-26,16.4,11,330
2017-11-27,12.0,11,331
2017-11-28,11.7,11,332
2017-11-29,15.6,11,333
2017-11-30,15.9,11,334
2017-12-01,12.9,12,335
2017-12-02,12.4,12,336
2017-12-03,11.1,12,337
2017-12-04,12.2,12,338
2017-12-05,12.8,12,339
2017-12-06,12.8,12,340
2017-12-07,13.4,12,341
2017-12-08,14.1,12,342
2017-12-09,14.1,12,343
2017-12-10,12.9,12,344
2017-12-11,15.6,12,345
2017-12-12,16.4,12,346
2017-12-13,15.3,12,347
2017-12-14,14.1,12,348
2017-12-15,14.8,12,349
2017-12-16,13.6,12,350
2017-12-17,11.4,12,351
2017-12-18,9.3,12,352
2017-12-19,8.9,12,353
2017-12-20,8.7,12,354
2017-12-21,9.4,12,355
2017-12-22,12.2,12,356
2017-12-23,13.5,12,357
2017-12-24,13.8,12,358
2017-12-25,14.4,12,359
2017-12-26,12.9,12,360
2017-12-27,14.1,12,361
2017-12-28,11.6,12,362
2017-12-29,9.9,12,363
2017-12-30,11.1,12,364
2017-12-31,13.3,12,365
2018-01-01,15.1,1,1
2018-01-02,12.6,1,2
2018-01-03,14.4,1,3
2018-01-04,14.2,1,4
2018-01-05,15.6,1,5
2018-01-06,15.1,1,6
2018-01-07,18.4,1,7
2018-01-08,18.9,1,8
2018-01-09,16.2,1,9
2018-01-10,13.9,1,10
2018-01-11,13.3,1,11
2018-01-12,11.0,1,12
2018-01-13,13.4,1,13
2018-01-14,12.3,1,14
2018-01-15,12.1,1,15
2018-01-16,13.7,1,16
2018-01-17,15.9,1,17
2018-01-18,11.9,1,18
2018-01-19,14.3,1,19
2018-01-20,14.7,1,20
2018-01-21,15.4,1,21
2018-01-22,12.6,1,22
2018-01-23,14.4,1,23
2018-01-24,13.6,1,24
2018-01-25,12.6,1,25
2018-01-26,13.4,1,26
2018-01-27,14.6,1,27
2018-01-28,14.9,1,28
2018-01-29,13.9,1,29
2018-01-30,13.5,1,30
2018-01-31,13.3,1,31
2018-02-01,13.6,2,32
2018-02-02,15.4,2,33
2018-02-03,15.3,2,34
2018-02-04,11.4,2,35
2018-02-05,12.6,2,36
2018-02-06,12.7,2,37
2018-02-07,11.7,2,38
2018-02-08,12.0,2,39
2018-02-09,12.9,2,40
2018-02-10,12.5,2,41
2018-02-11,12.4,2,42
2018-02-12,11.6,2,43
2018-02-13,12.1,2,44
2018-02-14,7.8,2,45
2018-02-15,10.6,2,46
2018-02-16,12.5,2,47
2018-02-17,12.6,2,48
2018-02-18,12.5,2,49
2018-02-19,11.7,2,50
2018-02-20,11.1,2,51
2018-02-21,10.2,2,52
2018-02-22,11.2,2,53
2018-02-23,14.9,2,54
2018-02-24,11.5,2,55
2018-02-25,11.9,2,56
2018-02-26,5.7,2,57
2018-02-27,4.9,2,58
2018-02-28,6.8,2,59
2018-03-01,14.9,3,60
2018-03-02,16.2,3,61
2018-03-03,14.4,3,62
2018-03-04,14.2,3,63
2018-03-05,13.4,3,64
2018-03-06,12.9,3,65
2018-03-07,14.2,3,66
2018-03-08,14.8,3,67
2018-03-09,14.9,3,68
2018-03-10,14.6,3,69
2018-03-11,19.3,3,70
2018-03-12,14.7,3,71
2018-03-13,14.9,3,72
2018-03-14,15.1,3,73
2018-03-15,14.5,3,74
2018-03-16,16.1,3,75
2018-03-17,15.3,3,76
2018-03-18,12.9,3,77
2018-03-19,12.8,3,78
2018-03-20,13.4,3,79
2018-03-21,13.5,3,80
2018-03-22,8.4,3,81
2018-03-23,10.9,3,82
2018-03-24,11.9,3,83
2018-03-25,14.1,3,84
2018-03-26,14.2,3,85
2018-03-27,13.9,3,86
2018-03-28,13.8,3,87
2018-03-29,15.4,3,88
2018-03-30,18.9,3,89
2018-03-31,15.7,3,90
2018-04-01,14.6,4,91
2018-04-02,14.2,4,92
2018-04-03,16.6,4,93
2018-04-04,17.1,4,94
2018-04-05,16.9,4,95
2018-04-06,20.0,4,96
2018-04-07,19.5,4,97
2018-04-08,22.0,4,98
2018-04-09,15.9,4,99
2018-04-10,16.3,4,100
2018-04-11,21.7,4,101
2018-04-12,18.7,4,102
2018-04-13,18.9,4,103
2018-04-14,23.1,4,104
2018-04-15,24.0,4,105
2018-04-16,18.0,4,106
2018-04-17,17.7,4,107
2018-04-18,21.4,4,108
2018-04-19,24.5,4,109
2018-04-20,25.0,4,110
2018-04-21,20.6,4,111
2018-04-22,19.6,4,112
2018-04-23,20.6,4,113
2018-04-24,19.8,4,114
2018-04-25,21.3,4,115
2018-04-26,22.6,4,116
2018-04-27,24.1,4,117
2018-04-28,26.5,4,118
2018-04-29,27.5,4,119
2018-04-30,21.7,4,120
2018-05-01,21.5,5,121
2018-05-02,26.8,5,122
2018-05-03,20.1,5,123
2018-05-04,18.4,5,124
2018-05-05,18.6,5,125
2018-05-06,20.2,5,126
2018-05-07,20.5,5,127
2018-05-08,19.5,5,128
2018-05-09,19.6,5,129
2018-05-10,20.1,5,130
2018-05-11,21.9,5,131
2018-05-12,21.2,5,132
2018-05-13,20.9,5,133
2018-05-14,18.7,5,134
2018-05-15,16.5,5,135
2018-05-16,17.9,5,136
2018-05-17,19.4,5,137
2018-05-18,22.0,5,138
2018-05-19,23.3,5,139
2018-05-20,25.8,5,140
2018-05-21,23.3,5,141
2018-05-22,24.4,5,142
2018-05-23,20.5,5,143
2018-05-24,23.6,5,144
2018-05-25,23.2,5,145
2018-05-26,25.5,5,146
2018-05-27,24.2,5,147
2018-05-28,25.5,5,148
2018-05-29,28.4,5,149
2018-05-30,28.2,5,150
2018-05-31,26.0,5,151
2018-06-01,25.7,6,152
2018-06-02,25.5,6,153
2018-06-03,27.2,6,154
2018-06-04,26.4,6,155
2018-06-05,24.1,6,156
2018-06-06,24.9,6,157
2018-06-07,28.5,6,158
2018-06-08,25.4,6,159
2018-06-09,23.8,6,160
2018-06-10,25.9,6,161
2018-06-11,26.4,6,162
2018-06-12,25.5,6,163
2018-06-13,24.0,6,164
2018-06-14,22.9,6,165
2018-06-15,26.4,6,166
2018-06-16,26.5,6,167
2018-06-17,26.8,6,168
2018-06-18,26.5,6,169
2018-06-19,30.0,6,170
2018-06-20,28.6,6,171
2018-06-21,26.4,6,172
2018-06-22,26.2,6,173
2018-06-23,26.4,6,174
2018-06-24,26.8,6,175
2018-06-25,27.1,6,176
2018-06-26,26.9,6,177
2018-06-27,27.1,6,178
2018-06-28,25.8,6,179
2018-06-29,25.5,6,180
2018-06-30,26.5,6,181
2018-07-01,27.2,7,182
2018-07-02,27.9,7,183
2018-07-03,27.9,7,184
2018-07-04,28.7,7,185
2018-07-05,28.1,7,186
2018-07-06,28.0,7,187
2018-07-07,28.4,7,188
2018-07-08,30.9,7,189
2018-07-09,30.1,7,190
2018-07-10,28.2,7,191
2018-07-11,26.8,7,192
2018-07-12,27.4,7,193
2018-07-13,28.7,7,194
2018-07-14,30.7,7,195
2018-07-15,30.5,7,196
2018-07-16,28.9,7,197
2018-07-17,27.8,7,198
2018-07-18,30.5,7,199
2018-07-19,30.1,7,200
2018-07-20,30.4,7,201
2018-07-21,28.5,7,202
2018-07-22,29.2,7,203
2018-07-23,26.0,7,204
2018-07-24,29.4,7,205
2018-07-25,30.9,7,206
2018-07-26,31.5,7,207
2018-07-27,28.4,7,208
2018-07-28,29.2,7,209
2018-07-29,30.5,7,210
2018-07-30,31.0,7,211
2018-07-31,33.6,7,212
2018-08-01,32.6,8,213
2018-08-02,32.0,8,214
2018-08-03,30.5,8,215
2018-08-04,31.0,8,216
2018-08-05,30.5,8,217
2018-08-06,30.8,8,218
2018-08-07,30.7,8,219
2018-08-08,29.9,8,220
2018-08-09,31.3,8,221
2018-08-10,31.9,8,222
2018-08-11,31.1,8,223
2018-08-12,30.5,8,224
2018-08-13,30.2,8,225
2018-08-14,29.4,8,226
2018-08-15,23.6,8,227
2018-08-16,29.0,8,228
2018-08-17,29.2,8,229
2018-08-18,30.3,8,230
2018-08-19,30.1,8,231
2018-08-20,31.3,8,232
2018-08-21,30.8,8,233
2018-08-22,30.4,8,234
2018-08-23,29.2,8,235
2018-08-24,29.0,8,236
2018-08-25,28.4,8,237
2018-08-26,25.8,8,238
2018-08-27,27.6,8,239
2018-08-28,29.4,8,240
2018-08-29,29.0,8,241
2018-08-30,28.0,8,242
2018-08-31,28.0,8,243
2018-09-01,26.5,9,244
2018-09-02,27.0,9,245
2018-09-03,25.2,9,246
2018-09-04,26.1,9,247
2018-09-05,27.1,9,248
2018-09-06,27.3,9,249
2018-09-07,26.9,9,250
2018-09-08,27.2,9,251
2018-09-09,28.4,9,252
2018-09-10,28.1,9,253
2018-09-11,30.6,9,254
2018-09-12,30.8,9,255
2018-09-13,26.1,9,256
2018-09-14,27.5,9,257
2018-09-15,28.0,9,258
2018-09-16,28.0,9,259
2018-09-17,27.9,9,260
2018-09-18,27.0,9,261
2018-09-19,26.5,9,262
2018-09-20,27.9,9,263
2018-09-21,26.6,9,264
2018-09-22,28.1,9,265
2018-09-23,27.4,9,266
2018-09-24,26.3,9,267
2018-09-25,22.2,9,268
2018-09-26,20.0,9,269
2018-09-27,24.0,9,270
2018-09-28,25.3,9,271
2018-09-29,26.9,9,272
2018-09-30,24.5,9,273
2018-10-01,22.1,10,274
2018-10-02,21.7,10,275
2018-10-03,24.5,10,276
2018-10-04,24.6,10,277
2018-10-05,24.2,10,278
2018-10-06,21.0,10,279
2018-10-07,21.1,10,280
2018-10-08,23.6,10,281
2018-10-09,23.9,10,282
2018-10-10,23.5,10,283
2018-10-11,22.5,10,284
2018-10-12,25.0,10,285
2018-10-13,25.1,10,286
2018-10-14,23.6,10,287
2018-10-15,24.6,10,288
2018-10-16,24.0,10,289
2018-10-17,24.4,10,290
2018-10-18,25.2,10,291
2018-10-19,25.4,10,292
2018-10-20,25.7,10,293
2018-10-21,23.2,10,294
2018-10-22,17.7,10,295
2018-10-23,21.2,10,296
2018-10-24,20.4,10,297
2018-10-25,21.8,10,298
2018-10-26,21.5,10,299
2018-10-27,21.5,10,300
2018-10-28,21.0,10,301
2018-10-29,23.5,10,302
2018-10-30,18.9,10,303
2018-10-31,20.2,10,304
2018-11-01,19.6,11,305
2018-11-02,20.9,11,306
2018-11-03,22.0,11,307
2018-11-04,18.8,11,308
2018-11-05,18.1,11,309
2018-11-06,20.4,11,310
2018-11-07,18.1,11,311
2018-11-08,18.6,11,312
2018-11-09,18.7,11,313
2018-11-10,19.0,11,314
2018-11-11,20.0,11,315
2018-11-12,20.1,11,316
2018-11-13,19.2,11,317
2018-11-14,20.4,11,318
2018-11-15,19.0,11,319
2018-11-16,17.1,11,320
2018-11-17,15.1,11,321
2018-11-18,14.6,11,322
2018-11-19,15.7,11,323
2018-11-20,18.5,11,324
2018-11-21,17.3,11,325
2018-11-22,17.4,11,326
2018-11-23,17.6,11,327
2018-11-24,18.4,11,328
2018-11-25,17.1,11,329
2018-11-26,15.6,11,330
2018-11-27,14.6,11,331
2018-11-28,13.5,11,332
2018-11-29,14.3,11,333
2018-11-30,13.4,11,334
2018-12-01,15.4,12,335
2018-12-02,16.4,12,336
2018-12-03,15.4,12,337
2018-12-04,18.4,12,338
2018-12-05,16.9,12,339
2018-12-06,16.1,12,340
2018-12-07,15.9,12,341
2018-12-08,16.2,12,342
2018-12-09,16.2,12,343
2018-12-10,14.9,12,344
2018-12-11,12.6,12,345
2018-12-12,12.1,12,346
2018-12-13,12.2,12,347
2018-12-14,14.6,12,348
2018-12-15,9.3,12,349
2018-12-16,11.1,12,350
2018-12-17,14.3,12,351
2018-12-18,12.5,12,352
2018-12-19,11.9,12,353
2018-12-20,13.6,12,354
2018-12-21,14.4,12,355
2018-12-22,14.9,12,356
2018-12-23,16.2,12,357
2018-12-24,15.6,12,358
2018-12-25,12.6,12,359
2018-12-26,11.9,12,360
2018-12-27,12.6,12,361
2018-12-28,12.8,12,362
2018-12-29,13.4,12,363
2018-12-30,12.6,12,364
2018-12-31,11.6,12,365
2019-01-01,11.6,1,1
2019-01-02,11.6,1,2
2019-01-03,6.3,1,3
2019-01-04,5.2,1,4
2019-01-05,7.8,1,5
2019-01-06,11.1,1,6
2019-01-07,9.6,1,7
2019-01-08,10.8,1,8
2019-01-09,9.8,1,9
2019-01-10,9.8,1,10
2019-01-11,9.2,1,11
2019-01-12,9.3,1,12
2019-01-13,10.4,1,13
2019-01-14,11.9,1,14
2019-01-15,11.1,1,15
2019-01-16,12.7,1,16
2019-01-17,12.1,1,17
2019-01-18,13.3,1,18
2019-01-19,12.1,1,19
2019-01-20,12.2,1,20
2019-01-21,11.1,1,21
2019-01-22,11.8,1,22
2019-01-23,9.4,1,23
2019-01-24,8.8,1,24
2019-01-25,10.5,1,25
2019-01-26,11.4,1,26
2019-01-27,12.1,1,27
2019-01-28,11.8,1,28
2019-01-29,10.0,1,29
2019-01-30,10.4,1,30
2019-01-31,11.8,1,31
2019-02-01,15.1,2,32
2019-02-02,15.6,2,33
2019-02-03,13.4,2,34
2019-02-04,13.0,2,35
2019-02-05,14.4,2,36
2019-02-06,13.4,2,37
2019-02-07,14.4,2,38
2019-02-08,13.2,2,39
2019-02-09,13.4,2,40
2019-02-10,13.6,2,41
2019-02-11,13.2,2,42
2019-02-12,12.4,2,43
2019-02-13,11.1,2,44
2019-02-14,14.1,2,45
2019-02-15,15.3,2,46
2019-02-16,13.8,2,47
2019-02-17,13.6,2,48
2019-02-18,13.1,2,49
2019-02-19,13.1,2,50
2019-02-20,13.6,2,51
2019-02-21,14.6,2,52
2019-02-22,14.1,2,53
2019-02-23,8.1,2,54
2019-02-24,9.9,2,55
2019-02-25,12.3,2,56
2019-02-26,12.9,2,57
2019-02-27,17.8,2,58
2019-02-28,14.4,2,59
2019-03-01,13.8,3,60
2019-03-02,17.0,3,61
2019-03-03,17.2,3,62
2019-03-04,14.4,3,63
2019-03-05,15.9,3,64
2019-03-06,15.6,3,65
2019-03-07,18.2,3,66
2019-03-08,16.2,3,67
2019-03-09,15.6,3,68
2019-03-10,14.9,3,69
2019-03-11,16.0,3,70
2019-03-12,13.0,3,71
2019-03-13,13.5,3,72
2019-03-14,13.1,3,73
2019-03-15,15.3,3,74
2019-03-16,15.4,3,75
2019-03-17,15.1,3,76
2019-03-18,14.4,3,77
2019-03-19,16.2,3,78
2019-03-20,12.8,3,79
2019-03-21,18.0,3,80
2019-03-22,20.2,3,81
2019-03-23,21.1,3,82
2019-03-24,18.8,3,83
2019-03-25,15.9,3,84
2019-03-26,16.0,3,85
2019-03-27,14.1,3,86
2019-03-28,15.2,3,87
2019-03-29,16.9,3,88
2019-03-30,18.0,3,89
2019-03-31,16.4,3,90
2019-04-01,19.4,4,91
2019-04-02,16.2,4,92
2019-04-03,13.9,4,93
2019-04-04,15.1,4,94
2019-04-05,15.1,4,95
2019-04-06,17.5,4,96
2019-04-07,15.3,4,97
2019-04-08,15.5,4,98
2019-04-09,16.2,4,99
2019-04-10,14.4,4,100
2019-04-11,14.1,4,101
2019-04-12,15.8,4,102
2019-04-13,16.0,4,103
2019-04-14,15.1,4,104
2019-04-15,17.3,4,105
2019-04-16,17.7,4,106
2019-04-17,18.0,4,107
2019-04-18,20.8,4,108
2019-04-19,21.0,4,109
2019-04-20,20.8,4,110
2019-04-21,20.8,4,111
2019-04-22,20.5,4,112
2019-04-23,18.6,4,113
2019-04-24,23.1,4,114
2019-04-25,26.2,4,115
2019-04-26,20.9,4,116
2019-04-27,18.6,4,117
2019-04-28,17.3,4,118
2019-04-29,16.5,4,119
2019-04-30,16.0,4,120
2019-05-01,17.5,5,121
2019-05-02,17.7,5,122
2019-05-03,17.2,5,123
2019-05-04,15.9,5,124
2019-05-05,17.0,5,125
2019-05-06,15.3,5,126
2019-05-07,17.5,5,127
2019-05-08,16.9,5,128
2019-05-09,17.9,5,129
2019-05-10,19.6,5,130
2019-05-11,18.6,5,131
2019-05-12,16.9,5,132
2019-05-13,19.1,5,133
2019-05-14,18.6,5,134
2019-05-15,15.4,5,135
2019-05-16,18.7,5,136
2019-05-17,18.1,5,137
2019-05-18,18.2,5,138
2019-05-19,18.0,5,139
2019-05-20,16.4,5,140
2019-05-21,19.4,5,141
2019-05-22,18.6,5,142
2019-05-23,20.1,5,143
2019-05-24,19.5,5,144
2019-05-25,19.8,5,145
2019-05-26,19.6,5,146
2019-05-27,19.0,5,147
2019-05-28,20.6,5,148
2019-05-29,19.8,5,149
2019-05-30,19.2,5,150
2019-05-31,21.5,5,151
2019-06-01,21.5,6,152
2019-06-02,20.8,6,153
2019-06-03,20.9,6,154
2019-06-04,21.4,6,155
2019-06-05,22.4,6,156
2019-06-06,23.6,6,157
2019-06-07,27.1,6,158
2019-06-08,27.5,6,159
2019-06-09,29.9,6,160
2019-06-10,28.8,6,161
2019-06-11,28.5,6,162
2019-06-12,27.6,6,163
2019-06-13,26.9,6,164
2019-06-14,31.0,6,165
2019-06-15,28.9,6,166
2019-06-16,26.9,6,167
2019-06-17,26.5,6,168
2019-06-18,28.0,6,169
2019-06-19,27.1,6,170
2019-06-20,27.5,6,171
2019-06-21,28.1,6,172
2019-06-22,28.5,6,173
2019-06-23,27.2,6,174
2019-06-24,29.5,6,175
2019-06-25,30.8,6,176
2019-06-26,33.0,6,177
2019-06-27,32.5,6,178
2019-06-28,31.2,6,179
2019-06-29,33.0,6,180
2019-06-30,32.2,6,181
2019-07-01,29.9,7,182
2019-07-02,29.6,7,183
2019-07-03,30.9,7,184
2019-07-04,30.2,7,185
2019-07-05,29.8,7,186
2019-07-06,30.4,7,187
2019-07-07,28.2,7,188
2019-07-08,29.6,7,189
2019-07-09,30.2,7,190
2019-07-10,29.8,7,191
2019-07-11,29.5,7,192
2019-07-12,27.8,7,193
2019-07-13,28.4,7,194
2019-07-14,29.8,7,195
2019-07-15,29.6,7,196
2019-07-16,27.8,7,197
2019-07-17,29.1,7,198
2019-07-18,26.7,7,199
2019-07-19,28.8,7,200
2019-07-20,29.2,7,201
2019-07-21,31.1,7,202
2019-07-22,31.3,7,203
2019-07-23,33.5,7,204
2019-07-24,33.8,7,205
2019-07-25,32.2,7,206
2019-07-26,29.1,7,207
2019-07-27,29.2,7,208
2019-07-28,27.8,7,209
2019-07-29,27.8,7,210
2019-07-30,28.0,7,211
2019-07-31,29.1,7,212
2019-08-01,29.8,8,213
2019-08-02,28.9,8,214
2019-08-03,31.0,8,215
2019-08-04,31.2,8,216
2019-08-05,30.5,8,217
2019-08-06,29.5,8,218
2019-08-07,31.0,8,219
2019-08-08,31.6,8,220
2019-08-09,34.0,8,221
2019-08-10,31.8,8,222
2019-08-11,32.9,8,223
2019-08-12,32.5,8,224
2019-08-13,31.1,8,225
2019-08-14,29.3,8,226
2019-08-15,30.7,8,227
2019-08-16,28.5,8,228
2019-08-17,30.0,8,229
2019-08-18,30.1,8,230
2019-08-19,31.0,8,231
2019-08-20,29.8,8,232
2019-08-21,30.1,8,233
2019-08-22,31.7,8,234
2019-08-23,32.3,8,235
2019-08-24,32.0,8,236
2019-08-25,30.8,8,237
2019-08-26,30.0,8,238
2019-08-27,30.3,8,239
2019-08-28,30.0,8,240
2019-08-29,31.1,8,241
2019-08-30,30.8,8,242
2019-08-31,30.2,8,243
2019-09-01,28.6,9,244
2019-09-02,26.1,9,245
2019-09-03,27.9,9,246
2019-09-04,29.0,9,247
2019-09-05,27.9,9,248
2019-09-06,27.5,9,249
2019-09-07,26.6,9,250
2019-09-08,26.5,9,251
2019-09-09,24.9,9,252
2019-09-10,26.3,9,253
2019-09-11,29.5,9,254
2019-09-12,29.2,9,255
2019-09-13,30.8,9,256
2019-09-14,29.8,9,257
2019-09-15,29.2,9,258
2019-09-16,26.8,9,259
2019-09-17,26.1,9,260
2019-09-18,26.5,9,261
2019-09-19,26.2,9,262
2019-09-20,26.1,9,263
2019-09-21,25.5,9,264
2019-09-22,23.4,9,265
2019-09-23,26.5,9,266
2019-09-24,25.5,9,267
2019-09-25,25.5,9,268
2019-09-26,24.0,9,269
2019-09-27,27.2,9,270
2019-09-28,24.9,9,271
2019-09-29,25.2,9,272
2019-09-30,24.9,9,273
2019-10-01,24.9,10,274
2019-10-02,24.1,10,275
2019-10-03,22.2,10,276
2019-10-04,21.5,10,277
2019-10-05,22.6,10,278
2019-10-06,22.5,10,279
2019-10-07,18.3,10,280
2019-10-08,23.1,10,281
2019-10-09,23.6,10,282
2019-10-10,23.9,10,283
2019-10-11,24.2,10,284
2019-10-12,23.1,10,285
2019-10-13,23.1,10,286
2019-10-14,22.6,10,287
2019-10-15,23.1,10,288
2019-10-16,21.9,10,289
2019-10-17,22.0,10,290
2019-10-18,22.0,10,291
2019-10-19,21.2,10,292
2019-10-20,23.7,10,293
2019-10-21,25.7,10,294
2019-10-22,24.4,10,295
2019-10-23,25.0,10,296
2019-10-24,24.2,10,297
2019-10-25,24.0,10,298
2019-10-26,25.5,10,299
2019-10-27,23.1,10,300
2019-10-28,21.9,10,301
2019-10-29,21.4,10,302
2019-10-30,21.8,10,303
2019-10-31,21.1,10,304
2019-11-01,19.1,11,305
2019-11-02,20.6,11,306
2019-11-03,20.1,11,307
2019-11-04,20.2,11,308
2019-11-05,21.4,11,309
2019-11-06,17.6,11,310
2019-11-07,18.4,11,311
2019-11-08,19.3,11,312
2019-11-09,16.0,11,313
2019-11-10,16.5,11,314
2019-11-11,18.9,11,315
2019-11-12,16.5,11,316
2019-11-13,17.1,11,317
2019-11-14,15.7,11,318
2019-11-15,18.9,11,319
2019-11-16,19.6,11,320
2019-11-17,19.4,11,321
2019-11-18,17.0,11,322
2019-11-19,15.4,11,323
2019-11-20,15.1,11,324
2019-11-21,14.1,11,325
2019-11-22,15.1,11,326
2019-11-23,18.5,11,327
2019-11-24,17.3,11,328
2019-11-25,14.4,11,329
2019-11-26,18.2,11,330
2019-11-27,17.4,11,331
2019-11-28,17.8,11,332
2019-11-29,17.3,11,333
2019-11-30,17.3,11,334
2019-12-01,17.0,12,335
2019-12-02,17.8,12,336
2019-12-03,17.0,12,337
2019-12-04,12.8,12,338
2019-12-05,14.9,12,339
2019-12-06,15.6,12,340
2019-12-07,16.0,12,341
2019-12-08,15.9,12,342
2019-12-09,14.9,12,343
2019-12-10,14.0,12,344
2019-12-11,12.2,12,345
2019-12-12,12.2,12,346
2019-12-13,13.5,12,347
2019-12-14,14.1,12,348
2019-12-15,16.3,12,349
2019-12-16,16.9,12,350
2019-12-17,17.8,12,351
2019-12-18,19.0,12,352
2019-12-19,14.9,12,353
2019-12-20,15.6,12,354
2019-12-21,16.3,12,355
2019-12-22,16.3,12,356
2019-12-23,15.4,12,357
2019-12-24,14.7,12,358
2019-12-25,15.4,12,359
2019-12-26,15.1,12,360
2019-12-27,13.9,12,361
2019-12-28,9.6,12,362
2019-12-29,9.8,12,363
2019-12-30,8.3,12,364
2019-12-31,10.8,12,365
2020-01-01,13.2,1,1
2020-01-02,14.2,1,2
2020-01-03,13.1,1,3
2020-01-04,12.9,1,4
2020-01-05,13.6,1,5
2020-01-06,9.8,1,6
2020-01-07,11.7,1,7
2020-01-08,13.9,1,8
2020-01-09,12.9,1,9
2020-01-10,12.8,1,10
2020-01-11,14.1,1,11
2020-01-12,14.2,1,12
2020-01-13,13.6,1,13
2020-01-14,13.8,1,14
2020-01-15,14.1,1,15
2020-01-16,13.8,1,16
2020-01-17,13.1,1,17
2020-01-18,12.1,1,18
2020-01-19,13.9,1,19
2020-01-20,12.2,1,20
2020-01-21,14.3,1,21
2020-01-22,14.1,1,22
2020-01-23,15.4,1,23
2020-01-24,14.3,1,24
2020-01-25,13.9,1,25
2020-01-26,13.1,1,26
2020-01-27,13.6,1,27
2020-01-28,14.0,1,28
2020-01-29,14.8,1,29
2020-01-30,14.8,1,30
2020-01-31,14.1,1,31
2020-02-01,14.6,2,32
2020-02-02,15.4,2,33
2020-02-03,15.4,2,34
2020-02-04,16.8,2,35
2020-02-05,10.8,2,36
2020-02-06,9.8,2,37
2020-02-07,12.3,2,38
2020-02-08,13.8,2,39
2020-02-09,13.4,2,40
2020-02-10,14.6,2,41
2020-02-11,16.5,2,42
2020-02-12,15.9,2,43
2020-02-13,14.6,2,44
2020-02-14,15.4,2,45
2020-02-15,16.7,2,46
2020-02-16,15.1,2,47
2020-02-17,14.1,2,48
2020-02-18,14.3,2,49
2020-02-19,14.6,2,50
2020-02-20,15.1,2,51
2020-02-21,13.9,2,52
2020-02-22,15.8,2,53
2020-02-23,15.1,2,54
2020-02-24,14.8,2,55
2020-02-25,14.5,2,56
2020-02-26,15.4,2,57
2020-02-27,13.4,2,58
2020-02-28,17.4,2,59
2020-02-29,14.1,2,60
2020-03-01,15.6,3,61
2020-03-02,15.8,3,62
2020-03-03,14.2,3,63
2020-03-04,13.8,3,64
2020-03-05,14.5,3,65
2020-03-06,15.8,3,66
2020-03-07,14.1,3,67
2020-03-08,15.1,3,68
2020-03-09,13.1,3,69
2020-03-10,16.2,3,70
2020-03-11,16.1,3,71
2020-03-12,16.4,3,72
2020-03-13,14.9,3,73
2020-03-14,17.1,3,74
2020-03-15,17.3,3,75
2020-03-16,17.6,3,76
2020-03-17,17.5,3,77
2020-03-18,18.0,3,78
2020-03-19,18.6,3,79
2020-03-20,17.0,3,80
2020-03-21,17.1,3,81
2020-03-22,17.9,3,82
2020-03-23,12.1,3,83
2020-03-24,9.9,3,84
2020-03-25,7.8,3,85
2020-03-26,13.4,3,86
2020-03-27,12.4,3,87
2020-03-28,14.1,3,88
2020-03-29,15.4,3,89
2020-03-30,16.6,3,90
2020-03-31,16.8,3,91
2020-04-01,11.4,4,92
2020-04-02,12.5,4,93
2020-04-03,16.6,4,94
2020-04-04,18.1,4,95
2020-04-05,19.1,4,96
2020-04-06,19.6,4,97
2020-04-07,21.5,4,98
2020-04-08,19.9,4,99
2020-04-09,17.6,4,100
2020-04-10,18.8,4,101
2020-04-11,18.4,4,102
2020-04-12,17.9,4,103
2020-04-13,17.4,4,104
2020-04-14,20.2,4,105
2020-04-15,17.5,4,106
2020-04-16,16.4,4,107
2020-04-17,18.2,4,108
2020-04-18,19.0,4,109
2020-04-19,19.6,4,110
2020-04-20,20.2,4,111
2020-04-21,17.9,4,112
2020-04-22,17.4,4,113
2020-04-23,20.1,4,114
2020-04-24,19.5,4,115
2020-04-25,17.8,4,116
2020-04-26,18.0,4,117
2020-04-27,19.0,4,118
2020-04-28,18.2,4,119
2020-04-29,18.9,4,120
2020-04-30,19.4,4,121
2020-05-01,19.0,5,122
2020-05-02,20.2,5,123
2020-05-03,19.9,5,124
2020-05-04,22.6,5,125
2020-05-05,19.5,5,126
2020-05-06,21.0,5,127
2020-05-07,22.3,5,128
2020-05-08,22.0,5,129
2020-05-09,20.8,5,130
2020-05-10,24.1,5,131
2020-05-11,20.9,5,132
2020-05-12,21.6,5,133
2020-05-13,27.1,5,134
2020-05-14,26.1,5,135
2020-05-15,24.8,5,136
2020-05-16,33.2,5,137
2020-05-17,28.2,5,138
2020-05-18,30.5,5,139
2020-05-19,22.2,5,140
2020-05-20,18.8,5,141
2020-05-21,24.8,5,142
2020-05-22,25.9,5,143
2020-05-23,23.2,5,144
2020-05-24,22.2,5,145
2020-05-25,25.6,5,146
2020-05-26,23.9,5,147
2020-05-27,23.2,5,148
2020-05-28,22.9,5,149
2020-05-29,21.9,5,150
2020-05-30,18.7,5,151
2020-05-31,21.8,5,152
2020-06-01,22.4,6,153
2020-06-02,23.4,6,154
2020-06-03,22.6,6,155
2020-06-04,22.2,6,156
2020-06-05,20.3,6,157
2020-06-06,23.5,6,158
2020-06-07,22.5,6,159
2020-06-08,21.6,6,160
2020-06-09,23.3,6,161
2020-06-10,21.4,6,162
2020-06-11,20.6,6,163
2020-06-12,23.1,6,164
2020-06-13,24.0,6,165
2020-06-14,23.5,6,166
2020-06-15,23.4,6,167
2020-06-16,23.4,6,168
2020-06-17,23.9,6,169
2020-06-18,24.7,6,170
2020-06-19,25.5,6,171
2020-06-20,27.1,6,172
2020-06-21,26.5,6,173
2020-06-22,26.4,6,174
2020-06-23,30.2,6,175
2020-06-24,28.5,6,176
2020-06-25,27.4,6,177
2020-06-26,29.4,6,178
2020-06-27,30.5,6,179
2020-06-28,30.6,6,180
2020-06-29,29.1,6,181
2020-06-30,29.2,6,182
2020-07-01,29.5,7,183
2020-07-02,30.5,7,184
2020-07-03,29.4,7,185
2020-07-04,27.5,7,186
2020-07-05,30.5,7,187
2020-07-06,31.6,7,188
2020-07-07,31.1,7,189
2020-07-08,29.8,7,190
2020-07-09,29.7,7,191
2020-07-10,29.0,7,192
2020-07-11,30.0,7,193
2020-07-12,30.5,7,194
2020-07-13,30.0,7,195
2020-07-14,28.9,7,196
2020-07-15,27.1,7,197
2020-07-16,28.0,7,198
2020-07-17,27.6,7,199
2020-07-18,28.0,7,200
2020-07-19,29.0,7,201
2020-07-20,28.7,7,202
2020-07-21,31.5,7,203
2020-07-22,31.5,7,204
2020-07-23,29.9,7,205
2020-07-24,28.3,7,206
2020-07-25,29.8,7,207
2020-07-26,31.3,7,208
2020-07-27,31.8,7,209
2020-07-28,31.8,7,210
2020-07-29,32.0,7,211
2020-07-30,32.4,7,212
2020-07-31,32.8,7,213
2020-08-01,31.3,8,214
2020-08-02,32.8,8,215
2020-08-03,29.9,8,216
2020-08-04,29.1,8,217
2020-08-05,25.8,8,218
2020-08-06,28.5,8,219
2020-08-07,29.7,8,220
2020-08-08,30.5,8,221
2020-08-09,34.5,8,222
2020-08-10,33.0,8,223
2020-08-11,30.0,8,224
2020-08-12,31.2,8,225
2020-08-13,30.8,8,226
2020-08-14,29.9,8,227
2020-08-15,30.6,8,228
2020-08-16,29.6,8,229
2020-08-17,30.1,8,230
2020-08-18,29.5,8,231
2020-08-19,30.8,8,232
2020-08-20,31.3,8,233
2020-08-21,32.4,8,234
2020-08-22,32.2,8,235
2020-08-23,30.5,8,236
2020-08-24,30.3,8,237
2020-08-25,30.8,8,238
2020-08-26,30.4,8,239
2020-08-27,29.4,8,240
2020-08-28,28.8,8,241
2020-08-29,31.0,8,242
2020-08-30,30.2,8,243
2020-08-31,30.0,8,244
2020-09-01,26.8,9,245
2020-09-02,26.6,9,246
2020-09-03,28.6,9,247
2020-09-04,30.6,9,248
2020-09-05,29.0,9,249
2020-09-06,27.5,9,250
2020-09-07,29.4,9,251
2020-09-08,32.5,9,252
2020-09-09,31.7,9,253
2020-09-10,30.9,9,254
2020-09-11,30.4,9,255
2020-09-12,29.9,9,256
2020-09-13,34.0,9,257
2020-09-14,33.8,9,258
2020-09-15,31.9,9,259
2020-09-16,31.0,9,260
2020-09-17,31.0,9,261
2020-09-18,32.2,9,262
2020-09-19,29.9,9,263
2020-09-20,27.7,9,264
2020-09-21,26.4,9,265
2020-09-22,24.6,9,266
2020-09-23,25.8,9,267
2020-09-24,25.2,9,268
2020-09-25,25.4,9,269
2020-09-26,19.5,9,270
2020-09-27,21.6,9,271
2020-09-28,17.5,9,272
2020-09-29,21.5,9,273
2020-09-30,22.0,9,274
2020-10-01,20.6,10,275
2020-10-02,22.9,10,276
2020-10-03,26.4,10,277
2020-10-04,22.1,10,278
2020-10-05,22.6,10,279
2020-10-06,21.6,10,280
2020-10-07,21.4,10,281
2020-10-08,22.1,10,282
2020-10-09,22.4,10,283
2020-10-10,21.5,10,284
2020-10-11,20.8,10,285
2020-10-12,17.9,10,286
2020-10-13,17.1,10,287
2020-10-14,20.9,10,288
2020-10-15,20.5,10,289
2020-10-16,17.3,10,290
2020-10-17,17.8,10,291
2020-10-18,18.9,10,292
2020-10-19,20.1,10,293
2020-10-20,20.4,10,294
2020-10-21,20.0,10,295
2020-10-22,20.4,10,296
2020-10-23,20.1,10,297
2020-10-24,18.6,10,298
2020-10-25,19.6,10,299
2020-10-26,19.5,10,300
2020-10-27,18.7,10,301
2020-10-28,19.2,10,302
2020-10-29,19.1,10,303
2020-10-30,20.9,10,304
2020-10-31,20.2,10,305
2020-11-01,19.4,11,306
2020-11-02,19.0,11,307
2020-11-03,19.3,11,308
2020-11-04,19.5,11,309
2020-11-05,20.0,11,310
2020-11-06,20.9,11,311
2020-11-07,20.3,11,312
2020-11-08,19.6,11,313
2020-11-09,20.1,11,314
2020-11-10,21.1,11,315
2020-11-11,19.9,11,316
2020-11-12,18.5,11,317
2020-11-13,17.8,11,318
2020-11-14,18.1,11,319
2020-11-15,18.5,11,320
2020-11-16,18.0,11,321
2020-11-17,16.5,11,322
2020-11-18,19.2,11,323
2020-11-19,18.5,11,324
2020-11-20,16.2,11,325
2020-11-21,11.6,11,326
2020-11-22,12.8,11,327
2020-11-23,17.5,11,328
2020-11-24,17.0,11,329
2020-11-25,17.0,11,330
2020-11-26,17.1,11,331
2020-11-27,17.0,11,332
2020-11-28,17.4,11,333
2020-11-29,15.7,11,334
2020-11-30,16.2,11,335
2020-12-01,14.5,12,336
2020-12-02,14.9,12,337
2020-12-03,12.4,12,338
2020-12-04,15.5,12,339
2020-12-05,17.0,12,340
2020-12-06,17.6,12,341
2020-12-07,13.3,12,342
2020-12-08,13.9,12,343
2020-12-09,12.9,12,344
2020-12-10,12.0,12,345
2020-12-11,11.6,12,346
2020-12-12,13.2,12,347
2020-12-13,14.1,12,348
2020-12-14,13.9,12,349
2020-12-15,13.0,12,350
2020-12-16,14.8,12,351
2020-12-17,14.9,12,352
2020-12-18,14.9,12,353
2020-12-19,14.6,12,354
2020-12-20,16.2,12,355
2020-12-21,15.9,12,356
2020-12-22,14.8,12,357
2020-12-23,14.6,12,358
2020-12-24,15.6,12,359
2020-12-25,15.3,12,360
2020-12-26,9.6,12,361
2020-12-27,10.2,12,362
2020-12-28,14.0,12,363
2020-12-29,14.5,12,364
2020-12-30,12.6,12,365
2020-12-31,11.8,12,366
2021-01-01,12.1,1,1
2021-01-02,14.1,1,2
2021-01-03,11.0,1,3
2021-01-04,11.1,1,4
2021-01-05,11.9,1,5
2021-01-06,11.8,1,6
2021-01-07,9.7,1,7
2021-01-08,12.8,1,8
2021-01-09,8.9,1,9
2021-01-10,10.4,1,10
2021-01-11,11.4,1,11
2021-01-12,11.0,1,12
2021-01-13,11.8,1,13
2021-01-14,13.1,1,14
2021-01-15,8.3,1,15
2021-01-16,8.9,1,16
2021-01-17,7.2,1,17
2021-01-18,9.1,1,18
2021-01-19,11.6,1,19
2021-01-20,13.1,1,20
2021-01-21,14.9,1,21
2021-01-22,14.8,1,22
2021-01-23,13.9,1,23
2021-01-24,12.9,1,24
2021-01-25,13.9,1,25
2021-01-26,10.8,1,26
2021-01-27,10.1,1,27
2021-01-28,11.4,1,28
2021-01-29,14.3,1,29
2021-01-30,15.2,1,30
2021-01-31,13.7,1,31
2021-02-01,13.9,2,32
2021-02-02,16.2,2,33
2021-02-03,14.5,2,34
2021-02-04,15.3,2,35
2021-02-05,18.1,2,36
2021-02-06,18.7,2,37
2021-02-07,16.8,2,38
2021-02-08,13.6,2,39
2021-02-09,14.1,2,40
2021-02-10,14.8,2,41
2021-02-11,15.1,2,42
2021-02-12,11.4,2,43
2021-02-13,7.1,2,44
2021-02-14,5.5,2,45
2021-02-15,7.7,2,46
2021-02-16,9.8,2,47
2021-02-17,11.4,2,48
2021-02-18,14.8,2,49
2021-02-19,13.9,2,50
2021-02-20,14.4,2,51
2021-02-21,16.6,2,52
2021-02-22,16.3,2,53
2021-02-23,17.5,2,54
2021-02-24,18.5,2,55
2021-02-25,16.5,2,56
2021-02-26,15.7,2,57
2021-02-27,14.1,2,58
2021-02-28,17.0,2,59
2021-03-01,15.7,3,60
2021-03-02,17.0,3,61
2021-03-03,15.2,3,62
2021-03-04,14.1,3,63
2021-03-05,13.4,3,64
2021-03-06,17.0,3,65
2021-03-07,14.4,3,66
2021-03-08,14.4,3,67
2021-03-09,13.6,3,68
2021-03-10,14.9,3,69
2021-03-11,13.5,3,70
2021-03-12,15.2,3,71
2021-03-13,15.8,3,72
2021-03-14,14.6,3,73
2021-03-15,13.6,3,74
2021-03-16,15.1,3,75
2021-03-17,12.9,3,76
2021-03-18,11.8,3,77
2021-03-19,11.2,3,78
2021-03-20,10.6,3,79
2021-03-21,10.4,3,80
2021-03-22,12.6,3,81
2021-03-23,10.6,3,82
2021-03-24,13.4,3,83
2021-03-25,14.9,3,84
2021-03-26,15.9,3,85
2021-03-27,14.4,3,86
2021-03-28,17.5,3,87
2021-03-29,19.0,3,88
2021-03-30,22.0,3,89
2021-03-31,21.8,3,90
2021-04-01,17.1,4,91
2021-04-02,16.0,4,92
2021-04-03,15.9,4,93
2021-04-04,15.6,4,94
2021-04-05,15.5,4,95
2021-04-06,16.3,4,96
2021-04-07,13.6,4,97
2021-04-08,13.8,4,98
2021-04-09,15.1,4,99
2021-04-10,15.1,4,100
2021-04-11,17.0,4,101
2021-04-12,15.4,4,102
2021-04-13,14.2,4,103
2021-04-14,15.6,4,104
2021-04-15,15.4,4,105
2021-04-16,12.8,4,106
2021-04-17,15.1,4,107
2021-04-18,14.9,4,108
2021-04-19,13.9,4,109
2021-04-20,14.5,4,110
2021-04-21,15.4,4,111
2021-04-22,14.1,4,112
2021-04-23,19.2,4,113
2021-04-24,20.6,4,114
2021-04-25,18.6,4,115
2021-04-26,18.7,4,116
2021-04-27,18.9,4,117
2021-04-28,17.6,4,118
2021-04-29,20.0,4,119
2021-04-30,23.4,4,120
2021-05-01,18.9,5,121
2021-05-02,18.3,5,122
2021-05-03,18.4,5,123
2021-05-04,19.9,5,124
2021-05-05,18.4,5,125
2021-05-06,18.9,5,126
2021-05-07,20.0,5,127
2021-05-08,22.0,5,128
2021-05-09,22.9,5,129
2021-05-10,23.2,5,130
2021-05-11,23.4,5,131
2021-05-12,19.5,5,132
2021-05-13,19.1,5,133
2021-05-14,19.0,5,134
2021-05-15,18.8,5,135
2021-05-16,19.5,5,136
2021-05-17,21.0,5,137
2021-05-18,20.1,5,138
2021-05-19,20.1,5,139
2021-05-20,21.0,5,140
2021-05-21,21.4,5,141
2021-05-22,20.6,5,142
2021-05-23,22.6,5,143
2021-05-24,26.9,5,144
2021-05-25,21.8,5,145
2021-05-26,20.0,5,146
2021-05-27,21.0,5,147
2021-05-28,25.0,5,148
2021-05-29,23.9,5,149
2021-05-30,22.9,5,150
2021-05-31,23.8,5,151
2021-06-01,23.5,6,152
2021-06-02,24.4,6,153
2021-06-03,26.1,6,154
2021-06-04,26.4,6,155
2021-06-05,24.0,6,156
2021-06-06,24.9,6,157
2021-06-07,23.7,6,158
2021-06-08,24.5,6,159
2021-06-09,25.5,6,160
2021-06-10,28.0,6,161
2021-06-11,27.4,6,162
2021-06-12,27.6,6,163
2021-06-13,25.5,6,164
2021-06-14,27.5,6,165
2021-06-15,27.9,6,166
2021-06-16,26.5,6,167
2021-06-17,27.1,6,168
2021-06-18,28.1,6,169
2021-06-19,28.8,6,170
2021-06-20,28.2,6,171
2021-06-21,30.6,6,172
2021-06-22,32.7,6,173
2021-06-23,31.8,6,174
2021-06-24,31.4,6,175
2021-06-25,31.0,6,176
2021-06-26,30.6,6,177
2021-06-27,31.5,6,178
2021-06-28,32.7,6,179
2021-06-29,31.0,6,180
2021-06-30,29.9,6,181
2021-07-01,28.1,7,182
2021-07-02,28.5,7,183
2021-07-03,29.0,7,184
2021-07-04,28.3,7,185
2021-07-05,30.0,7,186
2021-07-06,30.7,7,187
2021-07-07,31.4,7,188
2021-07-08,33.2,7,189
2021-07-09,31.2,7,190
2021-07-10,28.6,7,191
2021-07-11,29.4,7,192
2021-07-12,28.9,7,193
2021-07-13,30.6,7,194
2021-07-14,26.6,7,195
2021-07-15,26.6,7,196
2021-07-16,25.8,7,197
2021-07-17,27.1,7,198
2021-07-18,27.9,7,199
2021-07-19,28.6,7,200
2021-07-20,30.9,7,201
2021-07-21,32.5,7,202
2021-07-22,31.5,7,203
2021-07-23,29.8,7,204
2021-07-24,30.6,7,205
2021-07-25,31.1,7,206
2021-07-26,34.5,7,207
2021-07-27,34.2,7,208
2021-07-28,35.3,7,209
2021-07-29,32.2,7,210
2021-07-30,32.1,7,211
2021-07-31,31.9,7,212
2021-08-01,32.3,8,213
2021-08-02,29.8,8,214
2021-08-03,29.7,8,215
2021-08-04,33.0,8,216
2021-08-05,27.8,8,217
2021-08-06,28.4,8,218
2021-08-07,28.7,8,219
2021-08-08,31.5,8,220
2021-08-09,32.9,8,221
2021-08-10,33.7,8,222
2021-08-11,35.9,8,223
2021-08-12,36.0,8,224
2021-08-13,34.2,8,225
2021-08-14,36.2,8,226
2021-08-15,32.5,8,227
2021-08-16,30.9,8,228
2021-08-17,31.0,8,229
2021-08-18,30.5,8,230
2021-08-19,30.8,8,231
2021-08-20,31.0,8,232
2021-08-21,31.8,8,233
2021-08-22,30.8,8,234
2021-08-23,29.9,8,235
2021-08-24,29.2,8,236
2021-08-25,29.0,8,237
2021-08-26,29.4,8,238
2021-08-27,28.8,8,239
2021-08-28,28.3,8,240
2021-08-29,28.7,8,241
2021-08-30,27.9,8,242
2021-08-31,27.2,8,243
2021-09-01,29.4,9,244
2021-09-02,30.1,9,245
2021-09-03,29.3,9,246
2021-09-04,27.8,9,247
2021-09-05,29.1,9,248
2021-09-06,29.3,9,249
2021-09-07,29.0,9,250
2021-09-08,28.6,9,251
2021-09-09,27.0,9,252
2021-09-10,27.0,9,253
2021-09-11,28.5,9,254
2021-09-12,29.6,9,255
2021-09-13,28.9,9,256
2021-09-14,27.4,9,257
2021-09-15,27.6,9,258
2021-09-16,27.8,9,259
2021-09-17,27.4,9,260
2021-09-18,27.7,9,261
2021-09-19,27.2,9,262
2021-09-20,25.5,9,263
2021-09-21,26.4,9,264
2021-09-22,27.6,9,265
2021-09-23,26.2,9,266
2021-09-24,25.2,9,267
2021-09-25,27.3,9,268
2021-09-26,27.8,9,269
2021-09-27,25.6,9,270
2021-09-28,29.1,9,271
2021-09-29,27.0,9,272
2021-09-30,25.9,9,273
2021-10-01,27.3,10,274
2021-10-02,24.4,10,275
2021-10-03,23.9,10,276
2021-10-04,26.0,10,277
2021-10-05,22.8,10,278
2021-10-06,22.7,10,279
2021-10-07,18.7,10,280
2021-10-08,21.0,10,281
2021-10-09,22.2,10,282
2021-10-10,15.6,10,283
2021-10-11,17.3,10,284
2021-10-12,20.1,10,285
2021-10-13,20.1,10,286
2021-10-14,16.8,10,287
2021-10-15,17.8,10,288
2021-10-16,19.7,10,289
2021-10-17,20.0,10,290
2021-10-18,21.9,10,291
2021-10-19,22.1,10,292
2021-10-20,20.5,10,293
2021-10-21,20.5,10,294
2021-10-22,20.5,10,295
2021-10-23,23.0,10,296
2021-10-24,22.0,10,297
2021-10-25,20.5,10,298
2021-10-26,21.6,10,299
2021-10-27,21.5,10,300
2021-10-28,21.5,10,301
2021-10-29,20.2,10,302
2021-10-30,21.2,10,303
2021-10-31,20.2,10,304
2021-11-01,19.7,11,305
2021-11-02,20.0,11,306
2021-11-03,19.6,11,307
2021-11-04,20.0,11,308
2021-11-05,20.5,11,309
2021-11-06,18.3,11,310
2021-11-07,25.5,11,311
2021-11-08,22.0,11,312
2021-11-09,20.8,11,313
2021-11-10,22.0,11,314
2021-11-11,21.2,11,315
2021-11-12,17.8,11,316
2021-11-13,17.5,11,317
2021-11-14,18.0,11,318
2021-11-15,20.5,11,319
2021-11-16,18.1,11,320
2021-11-17,19.2,11,321
2021-11-18,18.8,11,322
2021-11-19,18.3,11,323
2021-11-20,18.9,11,324
2021-11-21,17.1,11,325
2021-11-22,15.8,11,326
2021-11-23,18.0,11,327
2021-11-24,17.4,11,328
2021-11-25,15.8,11,329
2021-11-26,15.9,11,330
2021-11-27,14.0,11,331
2021-11-28,13.9,11,332
2021-11-29,8.6,11,333
2021-11-30,10.8,11,334
2021-12-01,13.8,12,335
2021-12-02,16.0,12,336
2021-12-03,12.8,12,337
2021-12-04,13.9,12,338
2021-12-05,15.0,12,339
2021-12-06,10.6,12,340
2021-12-07,10.9,12,341
2021-12-08,15.1,12,342
2021-12-09,12.9,12,343
2021-12-10,11.9,12,344
2021-12-11,10.5,12,345
2021-12-12,11.8,12,346
2021-12-13,12.2,12,347
2021-12-14,16.0,12,348
2021-12-15,14.8,12,349
2021-12-16,13.8,12,350
2021-12-17,14.5,12,351
2021-12-18,12.4,12,352
2021-12-19,12.9,12,353
2021-12-20,12.9,12,354
2021-12-21,13.2,12,355
2021-12-22,11.6,12,356
2021-12-23,13.4,12,357
2021-12-24,14.6,12,358
2021-12-25,14.8,12,359
2021-12-26,15.1,12,360
2021-12-27,15.5,12,361
2021-12-28,15.9,12,362
2021-12-29,16.1,12,363
2021-12-30,17.2,12,364
2021-12-31,18.9,12,365
2022-01-01,14.6,1,1
2022-01-02,12.1,1,2
2022-01-03,14.2,1,3
2022-01-04,14.9,1,4
2022-01-05,15.1,1,5
2022-01-06,13.4,1,6
2022-01-07,13.8,1,7
2022-01-08,12.2,1,8
2022-01-09,10.6,1,9
2022-01-10,9.6,1,10
2022-01-11,10.1,1,11
2022-01-12,10.1,1,12
2022-01-13,9.9,1,13
2022-01-14,11.6,1,14
2022-01-15,14.1,1,15
2022-01-16,14.2,1,16
2022-01-17,13.1,1,17
2022-01-18,14.9,1,18
2022-01-19,12.4,1,19
2022-01-20,13.2,1,20
2022-01-21,12.2,1,21
2022-01-22,9.9,1,22
2022-01-23,11.8,1,23
2022-01-24,10.0,1,24
2022-01-25,8.5,1,25
2022-01-26,11.1,1,26
2022-01-27,12.5,1,27
2022-01-28,12.9,1,28
2022-01-29,11.1,1,29
2022-01-30,12.9,1,30
2022-01-31,13.2,1,31
2022-02-01,12.6,2,32
2022-02-02,12.4,2,33
2022-02-03,14.3,2,34
2022-02-04,13.4,2,35
2022-02-05,14.8,2,36
2022-02-06,14.8,2,37
2022-02-07,13.6,2,38
2022-02-08,12.6,2,39
2022-02-09,14.9,2,40
2022-02-10,14.0,2,41
2022-02-11,13.5,2,42
2022-02-12,16.2,2,43
2022-02-13,14.5,2,44
2022-02-14,13.5,2,45
2022-02-15,12.9,2,46
2022-02-16,13.2,2,47
2022-02-17,13.6,2,48
2022-02-18,14.6,2,49
2022-02-19,14.6,2,50
2022-02-20,16.3,2,51
2022-02-21,14.1,2,52
2022-02-22,14.9,2,53
2022-02-23,16.9,2,54
2022-02-24,16.7,2,55
2022-02-25,14.2,2,56
2022-02-26,11.3,2,57
2022-02-27,12.6,2,58
2022-02-28,12.6,2,59
2022-03-01,10.4,3,60
2022-03-02,11.4,3,61
2022-03-03,11.8,3,62
2022-03-04,12.6,3,63
2022-03-05,11.2,3,64
2022-03-06,11.1,3,65
2022-03-07,10.6,3,66
2022-03-08,8.6,3,67
2022-03-09,11.9,3,68
2022-03-10,14.3,3,69
2022-03-11,12.4,3,70
2022-03-12,12.4,3,71
2022-03-13,12.1,3,72
2022-03-14,14.6,3,73
2022-03-15,14.1,3,74
2022-03-16,14.8,3,75
2022-03-17,19.1,3,76
2022-03-18,15.9,3,77
2022-03-19,13.7,3,78
2022-03-20,13.9,3,79
2022-03-21,13.4,3,80
2022-03-22,15.5,3,81
2022-03-23,18.4,3,82
2022-03-24,15.9,3,83
2022-03-25,15.1,3,84
2022-03-26,17.0,3,85
2022-03-27,21.0,3,86
2022-03-28,17.5,3,87
2022-03-29,16.4,3,88
2022-03-30,15.1,3,89
2022-03-31,15.4,3,90
2022-04-01,14.6,4,91
2022-04-02,10.6,4,92
2022-04-03,12.5,4,93
2022-04-04,13.4,4,94
2022-04-05,16.9,4,95
2022-04-06,16.2,4,96
2022-04-07,15.3,4,97
2022-04-08,16.7,4,98
2022-04-09,15.7,4,99
2022-04-10,15.4,4,100
2022-04-11,15.8,4,101
2022-04-12,16.4,4,102
2022-04-13,21.3,4,103
2022-04-14,21.3,4,104
2022-04-15,23.2,4,105
2022-04-16,23.9,4,106
2022-04-17,16.9,4,107
2022-04-18,17.5,4,108
2022-04-19,15.7,4,109
2022-04-20,17.0,4,110
2022-04-21,21.2,4,111
2022-04-22,14.6,4,112
2022-04-23,17.2,4,113
2022-04-24,18.9,4,114
2022-04-25,17.2,4,115
2022-04-26,18.1,4,116
2022-04-27,20.3,4,117
2022-04-28,22.8,4,118
2022-04-29,23.0,4,119
2022-04-30,21.5,4,120
2022-05-01,20.6,5,121
2022-05-02,19.2,5,122
2022-05-03,18.7,5,123
2022-05-04,19.4,5,124
2022-05-05,24.3,5,125
2022-05-06,23.8,5,126
2022-05-07,19.8,5,127
2022-05-08,21.0,5,128
2022-05-09,22.0,5,129
2022-05-10,23.6,5,130
2022-05-11,20.9,5,131
2022-05-12,19.6,5,132
2022-05-13,20.2,5,133
2022-05-14,20.5,5,134
2022-05-15,21.6,5,135
2022-05-16,23.0,5,136
2022-05-17,22.9,5,137
2022-05-18,28.4,5,138
2022-05-19,26.2,5,139
2022-05-20,23.0,5,140
2022-05-21,23.4,5,141
2022-05-22,22.2,5,142
2022-05-23,22.3,5,143
2022-05-24,24.9,5,144
2022-05-25,29.0,5,145
2022-05-26,29.7,5,146
2022-05-27,32.0,5,147
2022-05-28,27.4,5,148
2022-05-29,24.0,5,149
2022-05-30,24.4,5,150
2022-05-31,26.5,5,151
2022-06-01,27.0,6,152
2022-06-02,29.3,6,153
2022-06-03,30.6,6,154
2022-06-04,30.7,6,155
2022-06-05,30.6,6,156
2022-06-06,28.9,6,157
2022-06-07,27.5,6,158
2022-06-08,27.0,6,159
2022-06-09,24.4,6,160
2022-06-10,26.7,6,161
2022-06-11,30.0,6,162
2022-06-12,31.0,6,163
2022-06-13,30.6,6,164
2022-06-14,28.5,6,165
2022-06-15,28.5,6,166
2022-06-16,29.0,6,167
2022-06-17,28.0,6,168
2022-06-18,31.9,6,169
2022-06-19,30.1,6,170
2022-06-20,28.6,6,171
2022-06-21,27.5,6,172
2022-06-22,28.4,6,173
2022-06-23,29.4,6,174
2022-06-24,29.3,6,175
2022-06-25,29.2,6,176
2022-06-26,33.6,6,177
2022-06-27,35.2,6,178
2022-06-28,35.5,6,179
2022-06-29,30.5,6,180
2022-06-30,30.7,6,181
2022-07-01,31.9,7,182
2022-07-02,33.5,7,183
2022-07-03,33.5,7,184
2022-07-04,31.6,7,185
2022-07-05,31.9,7,186
2022-07-06,32.5,7,187
2022-07-07,30.9,7,188
2022-07-08,31.0,7,189
2022-07-09,31.5,7,190
2022-07-10,30.5,7,191
2022-07-11,31.5,7,192
2022-07-12,30.2,7,193
2022-07-13,31.8,7,194
2022-07-14,30.9,7,195
2022-07-15,29.7,7,196
2022-07-16,30.9,7,197
2022-07-17,32.9,7,198
2022-07-18,34.5,7,199
2022-07-19,33.8,7,200
2022-07-20,31.9,7,201
2022-07-21,31.5,7,202
2022-07-22,31.9,7,203
2022-07-23,31.6,7,204
2022-07-24,32.1,7,205
2022-07-25,31.1,7,206
2022-07-26,31.4,7,207
2022-07-27,32.2,7,208
2022-07-28,32.6,7,209
2022-07-29,31.5,7,210
2022-07-30,32.2,7,211
2022-07-31,33.3,7,212
2022-08-01,35.2,8,213
2022-08-02,35.3,8,214
2022-08-03,33.8,8,215
2022-08-04,32.3,8,216
2022-08-05,32.7,8,217
2022-08-06,32.0,8,218
2022-08-07,35.0,8,219
2022-08-08,33.8,8,220
2022-08-09,34.2,8,221
2022-08-10,33.1,8,222
2022-08-11,31.4,8,223
2022-08-12,26.8,8,224
2022-08-13,28.0,8,225
2022-08-14,29.0,8,226
2022-08-15,28.6,8,227
2022-08-16,29.8,8,228
2022-08-17,30.5,8,229
2022-08-18,35.2,8,230
2022-08-19,30.0,8,231
2022-08-20,29.7,8,232
2022-08-21,30.0,8,233
2022-08-22,31.0,8,234
2022-08-23,27.4,8,235
2022-08-24,30.0,8,236
2022-08-25,31.5,8,237
2022-08-26,29.6,8,238
2022-08-27,29.4,8,239
2022-08-28,28.1,8,240
2022-08-29,30.2,8,241
2022-08-30,30.5,8,242
2022-08-31,29.8,8,243
2022-09-01,26.1,9,244
2022-09-02,27.3,9,245
2022-09-03,27.6,9,246
2022-09-04,25.8,9,247
2022-09-05,30.5,9,248
2022-09-06,28.6,9,249
2022-09-07,27.8,9,250
2022-09-08,28.5,9,251
2022-09-09,29.0,9,252
2022-09-10,27.5,9,253
2022-09-11,27.7,9,254
2022-09-12,28.5,9,255
2022-09-13,28.2,9,256
2022-09-14,27.0,9,257
2022-09-15,26.5,9,258
2022-09-16,26.3,9,259
2022-09-17,26.5,9,260
2022-09-18,24.3,9,261
2022-09-19,25.0,9,262
2022-09-20,25.2,9,263
2022-09-21,24.3,9,264
2022-09-22,23.0,9,265
2022-09-23,23.4,9,266
2022-09-24,22.6,9,267
2022-09-25,21.0,9,268
2022-09-26,21.1,9,269
2022-09-27,23.1,9,270
2022-09-28,22.1,9,271
2022-09-29,21.4,9,272
2022-09-30,23.9,9,273
2022-10-01,23.4,10,274
2022-10-02,22.9,10,275
2022-10-03,25.0,10,276
2022-10-04,24.5,10,277
2022-10-05,25.0,10,278
2022-10-06,24.9,10,279
2022-10-07,22.8,10,280
2022-10-08,22.6,10,281
2022-10-09,22.8,10,282
2022-10-10,23.2,10,283
2022-10-11,23.0,10,284
2022-10-12,23.5,10,285
2022-10-13,20.5,10,286
2022-10-14,23.0,10,287
2022-10-15,23.1,10,288
2022-10-16,23.3,10,289
2022-10-17,23.7,10,290
2022-10-18,24.1,10,291
2022-10-19,23.2,10,292
2022-10-20,25.4,10,293
2022-10-21,22.0,10,294
2022-10-22,21.6,10,295
2022-10-23,22.8,10,296
2022-10-24,22.2,10,297
2022-10-25,22.5,10,298
2022-10-26,22.8,10,299
2022-10-27,24.5,10,300
2022-10-28,25.8,10,301
2022-10-29,25.6,10,302
2022-10-30,24.1,10,303
2022-10-31,23.6,10,304
2022-11-01,22.5,11,305
2022-11-02,21.9,11,306
2022-11-03,20.5,11,307
2022-11-04,20.8,11,308
2022-11-05,16.1,11,309
2022-11-06,19.6,11,310
2022-11-07,19.5,11,311
2022-11-08,19.6,11,312
2022-11-09,19.3,11,313
2022-11-10,20.4,11,314
2022-11-11,21.1,11,315
2022-11-12,17.8,11,316
2022-11-13,16.2,11,317
2022-11-14,17.5,11,318
2022-11-15,18.1,11,319
2022-11-16,18.1,11,320
2022-11-17,19.3,11,321
2022-11-18,19.9,11,322
2022-11-19,19.1,11,323
2022-11-20,16.2,11,324
2022-11-21,15.9,11,325
2022-11-22,17.4,11,326
2022-11-23,16.2,11,327
2022-11-24,17.5,11,328
2022-11-25,16.7,11,329
2022-11-26,12.6,11,330
2022-11-27,15.1,11,331
2022-11-28,14.5,11,332
2022-11-29,14.6,11,333
2022-11-30,13.8,11,334
2022-12-01,14.9,12,335
2022-12-02,13.3,12,336
2022-12-03,17.5,12,337
2022-12-04,16.6,12,338
2022-12-05,17.0,12,339
2022-12-06,17.2,12,340
2022-12-07,17.6,12,341
2022-12-08,16.0,12,342
2022-12-09,17.7,12,343
2022-12-10,17.1,12,344
2022-12-11,14.1,12,345
2022-12-12,14.5,12,346
2022-12-13,13.6,12,347
2022-12-14,18.0,12,348
2022-12-15,17.4,12,349
2022-12-16,18.9,12,350
2022-12-17,16.2,12,351
2022-12-18,16.4,12,352
2022-12-19,14.4,12,353
2022-12-20,14.6,12,354
2022-12-21,14.9,12,355
2022-12-22,15.4,12,356
2022-12-23,16.6,12,357
2022-12-24,16.7,12,358
2022-12-25,17.6,12,359
2022-12-26,16.5,12,360
2022-12-27,16.5,12,361
2022-12-28,16.2,12,362
2022-12-29,15.9,12,363
2022-12-30,15.9,12,364
2022-12-31,17.7,12,365
2023-01-01,16.9,1,1
2023-01-02,16.6,1,2
2023-01-03,16.2,1,3
2023-01-04,16.7,1,4
2023-01-05,15.8,1,5
2023-01-06,15.6,1,6
2023-01-07,16.2,1,7
2023-01-08,15.6,1,8
2023-01-09,16.0,1,9
2023-01-10,12.7,1,10
2023-01-11,14.1,1,11
2023-01-12,14.8,1,12
2023-01-13,14.2,1,13
2023-01-14,15.9,1,14
2023-01-15,14.6,1,15
2023-01-16,14.2,1,16
2023-01-17,14.6,1,17
2023-01-18,15.4,1,18
2023-01-19,12.4,1,19
2023-01-20,9.1,1,20
2023-01-21,7.9,1,21
2023-01-22,9.1,1,22
2023-01-23,9.9,1,23
2023-01-24,13.6,1,24
2023-01-25,11.7,1,25
2023-01-26,11.8,1,26
2023-01-27,11.8,1,27
2023-01-28,11.4,1,28
2023-01-29,11.6,1,29
2023-01-30,11.2,1,30
2023-01-31,12.8,1,31
2023-02-01,13.0,2,32
2023-02-02,13.9,2,33
2023-02-03,14.6,2,34
2023-02-04,15.1,2,35
2023-02-05,8.4,2,36
2023-02-06,6.8,2,37
2023-02-07,7.8,2,38
2023-02-08,8.5,2,39
2023-02-09,7.1,2,40
2023-02-10,10.6,2,41
2023-02-11,12.8,2,42
2023-02-12,13.9,2,43
2023-02-13,14.2,2,44
2023-02-14,14.2,2,45
2023-02-15,14.9,2,46
2023-02-16,14.0,2,47
2023-02-17,14.3,2,48
2023-02-18,14.8,2,49
2023-02-19,14.8,2,50
2023-02-20,15.1,2,51
2023-02-21,14.8,2,52
2023-02-22,15.1,2,53
2023-02-23,15.2,2,54
2023-02-24,15.4,2,55
2023-02-25,17.8,2,56
2023-02-26,14.1,2,57
2023-02-27,13.6,2,58
2023-02-28,17.0,2,59
2023-03-01,13.6,3,60
2023-03-02,12.4,3,61
2023-03-03,13.9,3,62
2023-03-04,14.6,3,63
2023-03-05,14.1,3,64
2023-03-06,13.8,3,65
2023-03-07,14.6,3,66
2023-03-08,15.4,3,67
2023-03-09,16.1,3,68
2023-03-10,16.4,3,69
2023-03-11,16.8,3,70
2023-03-12,18.9,3,71
2023-03-13,17.5,3,72
2023-03-14,16.5,3,73
2023-03-15,15.9,3,74
2023-03-16,15.0,3,75
2023-03-17,15.9,3,76
2023-03-18,14.8,3,77
2023-03-19,15.6,3,78
2023-03-20,14.3,3,79
2023-03-21,16.8,3,80
2023-03-22,18.2,3,81
2023-03-23,16.6,3,82
2023-03-24,16.8,3,83
2023-03-25,16.6,3,84
2023-03-26,16.5,3,85
2023-03-27,15.4,3,86
2023-03-28,15.1,3,87
2023-03-29,15.4,3,88
2023-03-30,16.0,3,89
2023-03-31,15.2,3,90
2023-04-01,17.2,4,91
2023-04-02,16.0,4,92
2023-04-03,17.2,4,93
2023-04-04,14.8,4,94
2023-04-05,12.4,4,95
2023-04-06,13.3,4,96
2023-04-07,14.8,4,97
2023-04-08,13.1,4,98
2023-04-09,15.4,4,99
2023-04-10,15.6,4,100
2023-04-11,15.9,4,101
2023-04-12,16.2,4,102
2023-04-13,16.9,4,103
2023-04-14,15.1,4,104
2023-04-15,13.6,4,105
2023-04-16,13.4,4,106
2023-04-17,17.1,4,107
2023-04-18,16.1,4,108
2023-04-19,17.2,4,109
2023-04-20,17.5,4,110
2023-04-21,19.4,4,111
2023-04-22,20.1,4,112
2023-04-23,18.0,4,113
2023-04-24,18.2,4,114
2023-04-25,18.4,4,115
2023-04-26,20.6,4,116
2023-04-27,19.4,4,117
2023-04-28,18.6,4,118
2023-04-29,18.4,4,119
2023-04-30,20.6,4,120
2023-05-01,16.9,5,121
2023-05-02,17.5,5,122
2023-05-03,20.2,5,123
2023-05-04,21.3,5,124
2023-05-05,21.9,5,125
2023-05-06,19.1,5,126
2023-05-07,20.5,5,127
2023-05-08,17.9,5,128
2023-05-09,22.5,5,129
2023-05-10,17.1,5,130
2023-05-11,19.7,5,131
2023-05-12,19.9,5,132
2023-05-13,20.1,5,133
2023-05-14,20.0,5,134
2023-05-15,17.5,5,135
2023-05-16,17.2,5,136
2023-05-17,18.2,5,137
2023-05-18,19.2,5,138
2023-05-19,25.0,5,139
2023-05-20,21.4,5,140
2023-05-21,21.6,5,141
2023-05-22,24.0,5,142
2023-05-23,22.5,5,143
2023-05-24,22.5,5,144
2023-05-25,24.2,5,145
2023-05-26,25.9,5,146
2023-05-27,26.0,5,147
2023-05-28,26.0,5,148
2023-05-29,24.0,5,149
2023-05-30,24.3,5,150
2023-05-31,24.5,5,151
2023-06-01,24.4,6,152
2023-06-02,25.0,6,153
2023-06-03,22.6,6,154
2023-06-04,23.5,6,155
2023-06-05,23.0,6,156
2023-06-06,22.5,6,157
2023-06-07,25.0,6,158
2023-06-08,24.6,6,159
2023-06-09,24.6,6,160
2023-06-10,25.1,6,161
2023-06-11,23.6,6,162
2023-06-12,25.4,6,163
2023-06-13,24.0,6,164
2023-06-14,23.4,6,165
2023-06-15,22.2,6,166
2023-06-16,26.0,6,167
2023-06-17,27.8,6,168
2023-06-18,28.0,6,169
2023-06-19,25.2,6,170
2023-06-20,28.0,6,171
2023-06-21,28.9,6,172
2023-06-22,29.0,6,173
2023-06-23,27.1,6,174
2023-06-24,27.0,6,175
2023-06-25,29.9,6,176
2023-06-26,28.8,6,177
2023-06-27,27.2,6,178
2023-06-28,26.4,6,179
2023-06-29,29.2,6,180
2023-06-30,27.4,6,181
2023-07-01,26.0,7,182
2023-07-02,27.4,7,183
2023-07-03,27.0,7,184
2023-07-04,26.1,7,185
2023-07-05,28.0,7,186
2023-07-06,27.9,7,187
2023-07-07,30.0,7,188
2023-07-08,32.0,7,189
2023-07-09,33.7,7,190
2023-07-10,32.3,7,191
2023-07-11,31.2,7,192
2023-07-12,30.4,7,193
2023-07-13,30.7,7,194
2023-07-14,30.8,7,195
2023-07-15,31.0,7,196
2023-07-16,33.2,7,197
2023-07-17,34.5,7,198
2023-07-18,32.8,7,199
2023-07-19,31.1,7,200
2023-07-20,31.1,7,201
2023-07-21,31.1,7,202
2023-07-22,32.0,7,203
2023-07-23,31.3,7,204
2023-07-24,33.5,7,205
2023-07-25,34.2,7,206
2023-07-26,28.8,7,207
2023-07-27,29.5,7,208
2023-07-28,28.4,7,209
2023-07-29,29.5,7,210
2023-07-30,30.3,7,211
2023-07-31,28.8,7,212
2023-08-01,28.5,8,213
2023-08-02,28.2,8,214
2023-08-03,30.0,8,215
2023-08-04,29.8,8,216
2023-08-05,24.8,8,217
2023-08-06,25.5,8,218
2023-08-07,25.1,8,219
2023-08-08,28.5,8,220
2023-08-09,26.9,8,221
2023-08-10,27.2,8,222
2023-08-11,30.4,8,223
2023-08-12,30.7,8,224
2023-08-13,29.6,8,225
2023-08-14,28.7,8,226
2023-08-15,27.9,8,227
2023-08-16,29.0,8,228
2023-08-17,29.8,8,229
2023-08-18,30.1,8,230
2023-08-19,30.0,8,231
2023-08-20,33.8,8,232
2023-08-21,36.7,8,233
2023-08-22,36.4,8,234
2023-08-23,34.0,8,235
2023-08-24,33.1,8,236
2023-08-25,29.8,8,237
2023-08-26,31.0,8,238
2023-08-27,30.6,8,239
2023-08-28,28.4,8,240
2023-08-29,25.1,8,241
2023-08-30,24.2,8,242
2023-08-31,25.2,8,243
2023-09-01,26.5,9,244
2023-09-02,27.6,9,245
2023-09-03,30.9,9,246
2023-09-04,29.9,9,247
2023-09-05,29.4,9,248
2023-09-06,31.5,9,249
2023-09-07,32.0,9,250
2023-09-08,32.6,9,251
2023-09-09,31.8,9,252
2023-09-10,31.5,9,253
2023-09-11,30.4,9,254
2023-09-12,27.5,9,255
2023-09-13,27.0,9,256
2023-09-14,28.0,9,257
2023-09-15,27.0,9,258
2023-09-16,27.2,9,259
2023-09-17,29.5,9,260
2023-09-18,28.9,9,261
2023-09-19,27.9,9,262
2023-09-20,28.5,9,263
2023-09-21,30.2,9,264
2023-09-22,29.1,9,265
2023-09-23,26.5,9,266
2023-09-24,24.0,9,267
2023-09-25,23.8,9,268
2023-09-26,28.5,9,269
2023-09-27,29.6,9,270
2023-09-28,27.8,9,271
2023-09-29,27.0,9,272
2023-09-30,27.8,9,273
2023-10-01,29.0,10,274
2023-10-02,29.4,10,275
2023-10-03,27.6,10,276
2023-10-04,25.6,10,277
2023-10-05,25.5,10,278
2023-10-06,26.1,10,279
2023-10-07,26.4,10,280
2023-10-08,28.2,10,281
2023-10-09,27.6,10,282
2023-10-10,25.6,10,283
2023-10-11,25.4,10,284
2023-10-12,25.7,10,285
2023-10-13,24.7,10,286
2023-10-14,24.9,10,287
2023-10-15,25.0,10,288
2023-10-16,22.5,10,289
2023-10-17,22.0,10,290
2023-10-18,23.0,10,291
2023-10-19,24.6,10,292
2023-10-20,26.9,10,293
2023-10-21,23.2,10,294
2023-10-22,23.2,10,295
2023-10-23,23.8,10,296
2023-10-24,24.2,10,297
2023-10-25,20.9,10,298
2023-10-26,22.5,10,299
2023-10-27,23.5,10,300
2023-10-28,22.9,10,301
2023-10-29,22.5,10,302
2023-10-30,24.5,10,303
2023-10-31,23.3,10,304
2023-11-01,20.6,11,305
2023-11-02,21.1,11,306
2023-11-03,21.0,11,307
2023-11-04,18.8,11,308
2023-11-05,22.0,11,309
2023-11-06,21.0,11,310
2023-11-07,19.2,11,311
2023-11-08,19.0,11,312
2023-11-09,17.6,11,313
2023-11-10,18.1,11,314
2023-11-11,18.0,11,315
2023-11-12,17.9,11,316
2023-11-13,18.7,11,317
2023-11-14,20.8,11,318
2023-11-15,21.0,11,319
2023-11-16,20.0,11,320
2023-11-17,19.5,11,321
2023-11-18,16.2,11,322
2023-11-19,17.5,11,323
2023-11-20,18.9,11,324
2023-11-21,19.1,11,325
2023-11-22,17.5,11,326
2023-11-23,16.8,11,327
2023-11-24,17.2,11,328
2023-11-25,13.8,11,329
2023-11-26,12.9,11,330
2023-11-27,14.5,11,331
2023-11-28,16.8,11,332
2023-11-29,15.3,11,333
2023-11-30,18.5,11,334
2023-12-01,19.7,12,335
2023-12-02,18.9,12,336
2023-12-03,14.7,12,337
2023-12-04,13.6,12,338
2023-12-05,12.8,12,339
2023-12-06,13.4,12,340
2023-12-07,13.4,12,341
2023-12-08,13.8,12,342
2023-12-09,13.9,12,343
2023-12-10,15.4,12,344
2023-12-11,15.7,12,345
2023-12-12,17.6,12,346
2023-12-13,18.2,12,347
2023-12-14,14.9,12,348
2023-12-15,13.7,12,349
2023-12-16,10.8,12,350
2023-12-17,13.2,12,351
2023-12-18,15.1,12,352
2023-12-19,14.8,12,353
2023-12-20,14.7,12,354
2023-12-21,14.3,12,355
2023-12-22,16.0,12,356
2023-12-23,16.0,12,357
2023-12-24,15.8,12,358
2023-12-25,14.8,12,359
2023-12-26,15.4,12,360
2023-12-27,15.9,12,361
2023-12-28,14.6,12,362
2023-12-29,15.6,12,363
2023-12-30,15.1,12,364
2023-12-31,15.1,12,365
2024-01-01,15.9,1,1
2024-01-02,15.6,1,2
2024-01-03,16.4,1,3
2024-01-04,17.0,1,4
2024-01-05,16.0,1,5
2024-01-06,16.0,1,6
2024-01-07,11.6,1,7
2024-01-08,12.6,1,8
2024-01-09,12.4,1,9
2024-01-10,12.6,1,10
2024-01-11,11.6,1,11
2024-01-12,12.1,1,12
2024-01-13,11.6,1,13
2024-01-14,11.9,1,14
2024-01-15,14.4,1,15
2024-01-16,15.1,1,16
2024-01-17,16.1,1,17
2024-01-18,17.8,1,18
2024-01-19,17.1,1,19
2024-01-20,13.8,1,20
2024-01-21,11.0,1,21
2024-01-22,12.3,1,22
2024-01-23,12.9,1,23
2024-01-24,14.6,1,24
2024-01-25,14.6,1,25
2024-01-26,14.4,1,26
2024-01-27,16.3,1,27
2024-01-28,14.4,1,28
2024-01-29,14.1,1,29
2024-01-30,14.2,1,30
2024-01-31,13.6,1,31
2024-02-01,12.9,2,32
2024-02-02,15.6,2,33
2024-02-03,15.1,2,34
2024-02-04,15.2,2,35
2024-02-05,15.1,2,36
2024-02-06,15.4,2,37
2024-02-07,14.9,2,38
2024-02-08,15.5,2,39
